0,1,2,3,4,5,6,7,8,9,10,11,12,13,14,15,16,17,18,19,20,21,22,23,24,25,26,27,28,29,30,31
id,city,region,country_name,latitude,longitude,Genealogical researcher,GLAM professional,Government employee,Legal researcher,Member of the general public,Post-secondary researcher,Student,Teacher,Other Identification,Computer Science,Digital Humanities,Education,Environment/Climate,Gender Studies,Genealogy,Geography,Health,History,Indigenous Land Claims,Indigenous Studies,Information Science,Law,Linguistics,Literature,Political Science,Other Interest
118488584413,Ottawa,Ontario,Canada,45.411,-75.7097,1,0,0,0,0,0,0,0,,0,0,0,0,0,0,0,0,0,0,0,0,0,0,0,0,
118488584313,Vancouver,British Columbia,Canada,49.2958,-123.141,0,0,0,0,0,1,0,0,,0,0,0,0,0,0,0,0,1,1,0,0,0,0,0,0,
118488550699,Tucson,Arizona,United States,32.3098,-110.915,1,0,0,0,0,0,0,0,,0,0,0,0,0,1,0,0,0,0,0,0,0,0,0,0,chinese history in canada
118488550688,London,Ontario,Canada,43.0147,-81.3049,0,1,0,0,0,0,0,0,,0,1,0,0,0,1,0,0,1,0,0,0,0,0,1,0,
118488541922,Gardiner,Maine,United States,44.2142,-69.7978,0,0,0,0,1,0,0,0,,0,0,0,0,0,0,0,0,1,0,1,0,0,0,1,0,
118488536715,Sacramento,California,United States,38.5816,-121.4944,0,0,0,0,1,0,0,0,,0,0,0,0,0,0,0,0,0,0,0,1,0,0,0,0,
118488534077,Calgary,Alberta,Canada,51.0605,-114.1102,1,0,0,0,0,0,0,0,,0,1,1,0,0,1,0,1,1,1,1,0,0,0,0,0,
118488516018,Nepean,Ontario,Canada,45.3468,-75.7145,0,0,0,0,1,0,0,0,,0,0,0,0,0,0,0,0,0,0,0,0,0,0,0,1,
118488508365,Ottawa,Ontario,Canada,45.3973,-75.6883,0,0,1,0,0,0,0,0,,0,0,0,0,0,0,0,0,0,0,1,0,0,0,0,0,
118488501886,Woodstock,Ontario,Canada,43.1407,-80.7344,0,1,0,0,0,0,0,0,,0,0,0,0,0,0,0,0,0,0,0,0,0,0,0,0,social history of my area through historic magazines 
118488490182,Halifax,Nova Scotia,Canada,44.6643,-63.6002,0,0,1,0,0,0,0,0,,0,0,0,0,0,1,1,0,1,0,0,0,1,0,0,1,
118488465542,Victoria,British Columbia,Canada,48.4771,-123.5313,1,0,0,0,1,0,0,0,historian,0,0,0,0,0,1,1,0,1,0,1,0,0,0,0,1,
118488460613,Windsor,Ontario,Canada,42.265,-83.0283,1,0,0,0,0,0,0,0,,0,0,0,0,0,1,0,0,0,0,0,0,0,0,0,0,
118488444453,Fredericton,New Brunswick,Canada,46.0401,-66.3862,1,0,1,0,0,0,0,0,,0,0,0,0,0,1,0,0,1,1,1,0,0,0,0,0,
118488444373,Halifax,Nova Scotia,Canada,44.631,-63.6405,0,0,0,0,0,1,0,0,,0,1,0,0,1,1,0,0,1,0,1,0,0,0,1,0,
118488440238,Québec,Quebec,Canada,46.7829,-71.2836,0,0,0,0,0,0,1,0,,0,0,0,0,0,0,0,0,1,0,0,0,0,0,0,0,
118488418493,Toronto,Ontario,Canada,43.6639,-79.3916,0,1,0,0,0,0,0,0,,0,0,0,0,0,1,1,0,1,0,1,1,0,0,0,0,
118488392407,Toronto,Ontario,Canada,43.6906,-79.4812,1,0,0,0,0,0,0,0,,0,0,0,0,0,1,0,0,1,0,1,0,0,0,0,1,
118488364339,Charlottetown,Prince Edward Island,Canada,46.2761,-62.9985,0,0,0,0,0,1,0,0,,0,0,0,0,0,0,0,0,1,0,0,0,0,0,0,0,
118488346270,Liverpool,England,United Kingdom,53.4113,-2.9759,0,0,0,0,1,0,0,0,trying to trace my bhc relatives ,0,0,0,0,0,1,0,0,0,0,0,0,0,0,0,0,
118488320070,Vancouver,British Columbia,Canada,49.2643,-123.0961,0,1,0,0,0,0,0,0,,0,0,0,0,0,0,0,0,0,0,0,0,0,0,0,1,
118488317728,Ottawa,Ontario,Canada,45.4336,-75.6825,1,0,0,0,0,0,0,0,,0,0,0,0,0,1,0,0,0,0,0,0,0,0,0,0,
118488317623,Thunder Bay,Ontario,Canada,48.352,-89.4649,0,0,0,0,1,0,0,0,,0,0,0,0,0,0,0,0,0,0,0,0,0,0,0,0,
118488300188,Burlington,Ontario,Canada,43.3802,-79.7626,0,0,0,0,0,0,1,0,,0,0,0,0,0,0,0,0,0,0,1,0,0,0,0,0,
118488290504,Cornwall,Ontario,Canada,45.0224,-74.7537,1,0,0,0,0,0,0,0,,0,0,0,0,0,1,0,0,1,0,0,0,0,0,0,0,
118488281182,Montreal,Quebec,Canada,45.5242,-73.593,1,0,0,0,0,0,0,0,,0,0,0,0,0,0,0,0,1,0,0,0,0,0,0,0,
118488281135,Kingston,Ontario,Canada,44.2573,-76.473,1,1,0,0,1,0,0,0,,0,0,1,0,0,1,1,0,1,0,0,0,1,0,1,1,
118488229106,Toronto,Ontario,Canada,43.6922,-79.4309,0,0,0,0,0,0,1,0,,0,0,0,0,0,0,0,0,1,0,0,0,0,0,0,0,
118488223533,Niagara Falls,Ontario,Canada,43.0741,-79.0666,0,0,0,0,0,1,0,0,,0,0,0,0,0,0,0,0,0,0,0,0,0,0,0,0,
118488214197,Toronto,Ontario,Canada,43.7292,-79.393,0,0,0,0,0,0,1,0,,0,0,0,0,0,0,0,0,0,0,0,0,0,0,0,0,french studies
118488202662,Lima,Lima,Peru,-12.0432,-77.0282,0,0,0,0,0,0,1,0,,0,0,0,0,0,0,0,0,0,0,0,0,0,0,0,0,earth sciences
118488182010,Newmarket,Ontario,Canada,44.0539,-79.4487,0,0,0,0,1,0,0,0,,0,0,0,0,0,1,0,0,1,0,0,0,0,0,0,0,
118488131341,Oakville,Ontario,Canada,43.4879,-79.7113,0,0,0,0,1,0,0,0,,0,1,0,0,0,0,0,0,1,0,0,0,0,0,0,0,
118488123849,Lachine,Quebec,Canada,45.4342,-73.709,0,0,0,0,1,0,0,0,,0,0,0,0,0,1,0,0,0,0,0,0,0,0,0,0,
118488090909,Toronto,Ontario,Canada,43.6911,-79.3353,0,0,0,0,0,0,1,0,,1,0,0,0,0,0,0,0,0,0,0,0,0,0,0,0,
118488072564,Moncton,New Brunswick,Canada,46.1791,-64.9467,0,0,0,0,0,0,1,0,,0,0,0,0,0,0,0,0,1,0,0,0,0,0,0,0,
118488056171,Talkeetna,Alaska,United States,62.2586,-150.116,0,0,0,0,0,0,0,0,kenaitze tribe athabaskan ,0,0,0,0,0,0,0,0,0,0,1,0,0,0,0,0,
118488023027,Giza,Giza,Egypt,30.008,31.2194,1,0,0,0,0,0,0,0,,0,0,0,1,0,0,0,0,0,0,0,0,0,0,0,0,
118488006698,Dartmouth,Nova Scotia,Canada,44.6747,-63.5094,1,0,0,0,1,0,0,0,,0,0,0,0,0,1,0,0,0,0,0,0,0,0,0,0,
118488005233,Calgary,Alberta,Canada,51.0605,-114.1102,0,0,0,0,1,0,0,0,,0,0,0,0,0,0,0,0,0,0,1,0,0,0,0,0,
118487951785,Freiburg im Breisgau,Baden-Wurttemberg,Germany,48.0211,7.8177,0,0,0,0,0,0,1,0,,0,0,0,0,0,0,0,0,1,0,0,0,0,0,1,0,
118487884499,Eastbourne,England,United Kingdom,50.7666,0.2852,0,0,0,0,1,0,0,0,,0,0,0,0,0,0,0,0,1,0,0,0,0,0,0,0,
118487862145,Calgary,Alberta,Canada,51.0455,-114.1988,0,0,0,0,1,0,0,0,,0,0,0,0,0,1,0,0,1,0,0,0,0,0,0,0,
118487843578,Seattle,Washington,United States,47.6631,-122.3029,1,0,0,0,0,0,1,0,,0,0,0,0,0,1,0,0,1,0,0,0,0,0,0,0,
118487838956,Mission,British Columbia,Canada,49.6463,-122.5047,1,0,0,0,0,0,0,0,,0,0,0,0,0,1,0,0,1,0,0,0,0,0,0,0,
118487816424,Langley,British Columbia,Canada,49.1024,-122.6536,0,0,0,1,0,0,0,0,,0,0,0,0,0,0,0,0,0,1,1,0,0,0,0,0,
118487743466,Seabright,Nova Scotia,Canada,44.6131,-63.9274,1,0,0,0,0,0,0,0,,0,0,0,0,0,1,0,0,1,0,0,0,0,0,0,0,
118487740669,Creston,British Columbia,Canada,49.0998,-116.5247,0,0,0,0,1,0,0,0,,0,0,0,0,0,0,0,0,1,0,1,0,0,1,1,1,
118487725885,Winnipeg,Manitoba,Canada,49.8538,-97.2903,0,0,0,0,1,0,0,0,,0,0,0,0,0,1,0,0,1,0,0,0,0,0,0,0,
118487720411,Regina,Saskatchewan,Canada,50.429,-104.5341,1,0,0,0,0,0,0,0,,0,0,0,0,0,1,0,0,0,0,0,0,0,0,0,0,
118487704275,Winnipeg,Manitoba,Canada,49.8538,-97.2903,0,0,0,0,1,0,0,0,,0,0,0,0,0,1,0,0,0,0,0,0,0,0,0,0,
118487703110,Toronto,Ontario,Canada,43.6426,-79.4002,0,0,0,0,0,0,1,0,,0,1,0,0,0,0,0,0,0,0,0,0,0,0,0,0,
118487686586,Calgary,Alberta,Canada,50.9899,-114.1574,0,0,0,0,0,0,1,0,,0,0,0,0,0,0,0,0,0,0,0,0,0,0,0,1,
118487671409,Guelph,Ontario,Canada,43.5698,-80.2421,1,0,0,0,0,0,0,0,historian,0,1,0,0,0,0,0,0,1,0,0,0,0,0,0,0,
118487665111,Edmonton,Alberta,Canada,53.4593,-113.6546,1,0,0,0,1,0,0,0,,0,0,0,0,0,1,0,0,0,0,0,0,0,0,0,0,
118487661794,Kingston,Nova Scotia,Canada,44.9923,-64.9546,1,0,0,0,0,0,0,0,,0,0,0,0,0,1,0,0,0,0,0,0,0,0,0,0,
118487647479,Pittsburgh,Pennsylvania,United States,40.502,-79.9143,1,0,0,0,0,0,0,0,,0,0,0,0,0,1,0,0,0,0,0,0,0,0,0,0,
118487640841,Venice,Florida,United States,27.0602,-82.3533,0,0,0,0,0,0,0,0,researcher for writing,0,0,0,0,0,0,0,0,1,0,0,0,0,0,0,0,
118487627819,Ottawa,Ontario,Canada,45.3973,-75.6883,0,0,0,0,0,0,1,0,,0,0,0,0,0,0,0,0,1,0,0,0,0,0,0,0,
118487619345,Brampton,Ontario,Canada,43.6445,-79.7755,0,0,0,0,0,0,1,0,,0,0,0,0,1,0,0,0,1,0,0,0,1,0,0,1,sociology
118487567670,Guelph,Ontario,Canada,43.5265,-80.3091,0,0,0,0,0,1,0,0,,0,0,0,0,0,0,0,0,0,0,0,0,0,0,1,0,
118487555343,Toronto,Ontario,Canada,43.709,-79.4057,0,0,0,1,0,0,0,0,,0,0,0,0,0,0,0,0,1,1,0,0,1,0,0,0,
118487552255,Albany,New York,United States,42.6406,-73.7906,0,0,0,0,0,1,0,0,,0,0,0,0,0,0,0,0,1,1,1,0,0,0,0,0,
118487548175,Hamilton,Ontario,Canada,43.2262,-79.8565,0,0,0,0,1,0,0,0,,0,0,0,0,0,0,0,0,1,0,0,0,0,0,0,0,
118487544957,Grand Falls-Windsor,Newfoundland and Labrador,Canada,48.9334,-55.6699,0,0,0,0,1,0,0,0,,0,0,0,0,0,0,0,0,1,0,0,0,0,0,0,0,newfoundland history
118487534351,Victoria,British Columbia,Canada,48.4471,-123.3018,0,0,0,0,1,0,0,0,,0,1,0,0,0,1,0,0,1,0,0,0,0,0,0,0,
118487531853,Calgary,Alberta,Canada,51.1047,-114.1148,1,0,0,0,0,0,0,0,,0,0,0,0,0,1,0,0,0,0,0,0,0,0,0,0,
118487527264,Buffalo,New York,United States,42.9752,-78.8816,0,0,0,0,0,0,0,0,,0,0,0,0,0,0,0,0,0,0,0,0,0,0,0,0,pbs
118487484415,St. Catharines,Ontario,Canada,43.1373,-79.2928,0,0,0,0,0,0,0,1,,0,0,0,0,0,0,0,0,1,0,0,0,0,0,0,0,
118487478912,Toronto,Ontario,Canada,43.6638,-79.3999,0,1,0,0,0,0,0,0,,0,1,0,0,0,0,0,0,0,0,0,0,0,0,0,0,
118487472452,Ottawa,Ontario,Canada,45.3663,-75.7955,0,0,1,0,0,0,0,0,,0,1,0,0,0,1,0,0,1,0,1,1,0,0,0,0,
118487471688,Toronto,Ontario,Canada,43.709,-79.4057,0,0,0,0,0,1,0,0,,0,0,0,0,0,0,0,0,0,0,0,0,0,0,0,0,theology
118487448941,Kingston,Ontario,Canada,44.2454,-76.5813,0,0,0,0,1,0,0,0,,0,0,0,0,0,0,0,0,1,0,0,0,0,0,0,0,
118487426338,Philadelphia,Pennsylvania,United States,39.9514,-75.1638,0,0,0,0,0,0,1,0,,0,0,0,0,0,0,0,0,0,0,0,0,1,0,0,0,
118487407742,Fredericton,New Brunswick,Canada,45.902,-66.7057,1,0,1,0,0,0,0,0,,0,0,0,0,0,1,0,0,1,0,0,0,0,0,0,0,
118487404187,St. Catharines,Ontario,Canada,43.1373,-79.2928,1,0,0,0,0,0,0,0,,0,0,0,0,0,1,0,0,0,0,0,0,0,0,0,0,
118487403721,St. Catharines,Ontario,Canada,43.1373,-79.2928,1,0,0,0,0,0,0,0,,0,0,0,0,0,1,0,0,0,0,0,0,0,0,0,0,
118487392246,Black Mountain,North Carolina,United States,35.5986,-82.2902,0,0,0,0,0,0,1,0,,0,0,0,0,0,0,0,0,1,0,0,0,0,0,0,0,
118487390398,Toronto,Ontario,Canada,43.64,-79.433,1,0,0,0,0,0,0,0,house history researcher,0,0,0,0,0,0,0,0,1,0,0,0,0,0,0,0,
118487383062,Lethbridge,Alberta,Canada,49.6506,-112.8372,0,0,0,0,0,1,0,0,,0,0,0,0,0,0,0,1,1,0,1,0,0,0,0,0,
118487360070,Montreal,Quebec,Canada,45.6026,-73.5167,1,0,0,0,0,0,0,0,,0,0,0,0,0,1,0,0,0,0,0,0,0,0,0,0,
118487353197,Hamilton,Ontario,Canada,43.2262,-79.8565,0,0,0,0,0,0,0,0,heritage planner,0,0,0,0,0,0,0,0,1,0,0,0,0,0,0,0,
118487314686,Winnipeg,Manitoba,Canada,49.7834,-97.1036,1,0,0,0,1,0,0,0,,0,0,0,0,0,1,0,0,1,0,0,0,0,0,0,0,
118487305082,Grand Falls-Windsor,Newfoundland and Labrador,Canada,48.9334,-55.6699,0,0,0,0,0,0,0,0,writer,0,0,0,0,0,0,0,0,1,0,0,0,0,0,0,0,
118487293866,La Prairie,Quebec,Canada,45.4169,-73.5006,0,0,0,0,0,0,1,0,,0,0,0,0,0,0,0,0,0,0,0,0,0,0,0,1,
118487260102,Dawson City,Yukon,Canada,64.0619,-139.4408,0,1,0,0,0,0,0,0,,0,0,0,0,0,0,0,0,1,0,0,0,0,0,0,0,
118487206690,Halifax,Nova Scotia,Canada,44.6283,-63.5928,0,0,0,0,0,0,1,0,,0,0,0,0,0,0,0,0,0,0,0,0,0,0,0,0,anthropology
118487200133,Nepean,Ontario,Canada,45.3468,-75.7145,0,0,0,0,1,0,0,0,,0,0,0,0,0,0,0,0,0,0,0,0,0,0,0,0,responsible government provinces history
118487199472,Guelph,Ontario,Canada,43.5204,-80.2245,0,0,0,0,1,1,0,0,,1,1,0,0,1,0,0,0,0,0,1,0,0,0,0,0,
118487183049,Moncton,New Brunswick,Canada,46.1715,-64.6976,1,0,0,0,0,0,0,0,,0,0,0,0,0,0,0,0,0,0,0,0,0,0,0,0,
118487141578,Saint-Felix-de-Valois,Quebec,Canada,46.1695,-73.433,1,0,0,0,0,0,0,0,,0,0,0,0,0,0,0,0,1,0,0,0,0,0,0,0,
118487103690,,,,,,0,0,0,0,0,0,0,0,legal translator,0,0,0,0,0,0,0,0,0,0,0,0,1,0,0,0,
118487048509,,,,,,0,0,0,0,0,1,0,0,,0,1,0,0,0,0,0,0,1,0,0,0,0,0,0,0,craft / art 
118487041656,Livorno,Tuscany,Italy,43.5428,10.3298,0,0,0,0,0,0,0,1,,0,0,1,1,0,0,1,0,1,0,1,0,0,1,1,1,
118487027559,Longueuil,Quebec,Canada,45.4915,-73.3989,0,1,0,0,0,0,0,0,professor,0,1,0,0,0,0,0,0,1,0,0,0,0,0,0,0,
118487022007,Blanchard,Oklahoma,United States,35.1184,-97.6407,0,0,0,0,0,0,0,0,editor,0,1,0,1,1,1,1,1,1,0,1,0,0,0,1,0,
118487021809,Hawkesbury,Ontario,Canada,45.6035,-74.6192,1,0,0,0,0,0,0,0,,0,0,0,0,0,1,0,0,0,0,0,0,0,0,0,0,
118487014144,Puslinch,Ontario,Canada,43.4363,-80.0943,0,0,0,0,0,0,0,1,,0,0,0,0,0,0,0,0,0,0,0,0,0,1,0,0,
118486998541,Hinchinbrooke,Quebec,Canada,45.0528,-74.1034,1,0,0,0,0,0,0,0,,0,0,0,0,0,1,0,0,0,0,0,0,0,0,0,0,
118486969417,Brockville,Ontario,Canada,44.6573,-75.7146,1,0,0,0,1,1,0,0,biographer,0,0,0,0,0,1,0,0,1,1,0,0,1,0,0,1,fur trade
118486861760,Rome,Lazio,Italy,41.8904,12.5126,0,0,0,0,0,0,1,0,,0,0,0,0,0,0,0,0,1,0,0,0,0,0,0,0,
118486856961,Bathurst,New Brunswick,Canada,47.6164,-65.6544,1,0,0,0,0,0,0,0,,0,0,0,0,0,1,0,0,0,0,0,0,0,0,0,0,
118486848472,Vanløse,Capital Region,Denmark,55.6824,12.4923,0,1,0,0,0,0,0,0,,0,0,0,0,0,0,0,1,0,0,0,0,0,0,0,0,
118486810216,Glasgow,Scotland,United Kingdom,55.9402,-4.1605,0,0,0,0,0,0,1,0,,0,0,0,0,0,0,0,0,1,0,0,0,0,0,0,0,
118486679160,Surrey,British Columbia,Canada,49.035,-122.8269,1,0,0,0,1,0,0,0,,1,1,1,1,1,1,1,1,1,1,1,1,1,1,1,1,
118486657207,Winston-Salem,North Carolina,United States,36.143,-80.3073,0,0,0,0,0,0,1,0,,0,0,0,0,0,0,0,0,0,0,0,0,0,0,0,0,biblical theology
118486631463,Burlington,Ontario,Canada,43.3802,-79.7626,1,0,0,0,0,0,0,0,,0,0,0,0,0,1,0,0,0,0,0,0,0,0,0,0,
118486622705,London,Ontario,Canada,43.0147,-81.3049,0,0,0,0,0,0,1,0,,0,0,0,0,0,0,0,0,0,0,0,0,0,0,0,0,
118486606989,Hamilton,Ontario,Canada,43.256537,-79.836081,0,0,0,0,0,0,1,0,,0,0,0,0,0,0,0,0,1,0,1,0,0,0,0,0,
118486606741,Welland,Ontario,Canada,42.9966,-79.2586,0,0,0,0,1,0,0,0,,0,0,0,1,1,0,0,1,1,0,0,0,0,0,1,0,
118486584388,Coquitlam,British Columbia,Canada,49.2663,-122.8739,0,0,0,0,1,0,0,0,,0,0,0,0,0,0,0,0,1,0,0,0,0,0,1,0,
118486583958,Cambridge,Ontario,Canada,43.4389,-80.2649,1,0,0,0,0,0,0,0,,0,0,0,0,0,1,0,0,0,0,0,0,0,0,0,0,
118486574355,Toronto,Ontario,Canada,43.7806,-79.3503,0,0,0,0,0,0,1,0,,1,0,0,0,0,0,0,0,0,0,0,0,0,0,0,0,
118486550512,Oakland,New Jersey,United States,41.0304,-74.2331,0,0,0,0,1,0,0,0,,0,0,0,0,0,1,0,0,0,0,0,0,0,0,0,0,
118486513211,Toronto,Ontario,Canada,43.6667,-79.3804,0,0,0,0,0,1,1,0,,0,0,0,0,0,0,0,0,1,0,1,0,0,0,0,0,anthropology
118486501939,Squamish,British Columbia,Canada,49.6979,-123.1552,0,0,0,0,0,1,0,0,,0,0,0,0,0,0,0,0,1,1,1,0,1,0,0,0,
118486495013,Hamilton,Ontario,Canada,43.2025,-79.9016,0,0,0,0,0,0,1,0,,0,0,0,0,0,0,0,0,1,0,0,0,0,0,0,0,
118486452013,Fredericton,New Brunswick,Canada,45.8122,-66.6784,0,0,0,0,0,1,0,0,,0,0,0,0,0,0,0,0,1,0,0,0,0,0,0,0,
118486419757,Campbellford,Ontario,Canada,44.3,-77.8,0,0,0,0,1,0,0,0,,0,0,0,0,0,0,0,0,0,0,0,0,0,0,0,0,
118486416074,Winnipeg,Manitoba,Canada,49.884,-97.1288,0,0,0,0,1,0,0,0,,0,0,0,0,0,1,0,0,0,0,0,0,0,0,0,0,
118486400942,Vancouver,British Columbia,Canada,49.2476,-123.1234,0,0,0,0,0,1,0,0,,0,0,1,0,0,0,0,1,0,0,0,0,0,0,0,0,
118486391944,Windsor,Ontario,Canada,42.3071,-82.9446,1,0,0,0,0,0,0,0,,0,0,0,0,0,0,0,0,0,0,0,0,0,0,0,0,
118486352660,Eufaula,Alabama,United States,31.903,-85.1663,1,0,0,0,0,0,0,0,,0,0,0,0,0,1,0,0,0,0,0,0,0,0,0,0,
118486351965,Vancouver,British Columbia,Canada,49.2526,-123.1236,0,0,0,0,1,0,0,0,,0,0,0,0,0,0,0,0,1,0,0,0,0,0,0,0,
118486326183,,,,,,1,0,0,0,0,0,0,0,,0,0,0,0,0,0,0,0,0,0,0,0,0,0,0,0,
118486322689,Toronto,Ontario,Canada,43.6752,-79.3472,0,0,0,0,1,1,0,0,,0,0,0,0,0,0,0,0,1,0,0,0,0,0,0,0,
118486318679,Richibucto,New Brunswick,Canada,46.6822,-64.8749,1,0,0,0,0,0,0,0,,0,0,0,0,0,1,0,0,0,0,0,0,0,0,0,0,
118486315560,,,,,,0,0,0,0,0,0,0,0,editor,0,1,1,1,1,0,1,1,1,1,1,1,1,1,1,1,whatever texts i am working on
118486296798,Longueuil,Quebec,Canada,45.4915,-73.3989,0,0,0,0,0,0,0,0,professor,0,0,0,0,0,1,0,0,1,0,0,0,0,0,0,0,public history
118486294450,Longueuil,Quebec,Canada,45.5185,-73.5043,0,0,0,0,0,0,1,0,,0,0,0,0,0,0,0,0,1,0,0,0,0,0,0,0,
118486290872,Thunder Bay,Ontario,Canada,48.3987,-89.3168,0,0,0,0,1,0,0,0,,0,0,0,0,0,0,0,0,1,0,0,0,0,0,0,0,
118486281810,Peterborough,Ontario,Canada,44.3136,-78.24,1,0,0,0,0,1,0,1,,0,1,1,0,0,0,0,0,1,1,1,0,0,0,0,1,
118486275245,,,,,,1,0,0,0,1,0,0,0,,0,1,0,0,0,1,0,0,1,0,0,0,0,0,0,0,
118486264583,,,,,,0,0,0,0,0,1,1,0,,0,0,0,1,0,0,0,0,0,0,0,0,0,0,0,0,
118486258335,Brampton,Ontario,Canada,43.6445,-79.7755,0,0,0,0,0,0,0,0,editor,0,1,1,0,0,0,0,0,1,0,0,0,0,0,0,0,
118486229006,Calgary,Alberta,Canada,51.0455,-114.1988,0,0,0,0,1,0,0,0,,0,0,0,0,0,0,0,0,1,0,0,0,0,0,0,0,
118486198344,,,,,,0,0,0,0,0,0,1,0,,0,0,0,0,0,0,0,0,0,0,0,0,0,0,0,0,unsure
118486161664,Sebring,Florida,United States,27.4279,-81.3544,0,0,0,0,0,1,0,0,,0,0,0,0,0,0,0,0,1,0,0,0,0,0,0,0,
118486159490,,,,,,0,0,0,0,0,0,0,1,,0,1,1,0,0,0,0,0,0,0,0,0,0,1,0,0,
118486124224,Courtenay,British Columbia,Canada,49.6585,-124.9835,0,0,0,0,1,0,0,0,,0,0,0,0,0,0,0,0,1,0,0,0,0,0,0,0,
118486094745,Edmonton,Alberta,Canada,53.5349,-113.5181,0,0,0,0,0,0,1,0,,0,0,0,0,0,0,0,0,0,0,1,0,0,0,0,0,
118486093897,,,,,,0,0,0,0,0,0,0,0,pastor,0,0,0,0,0,0,0,0,1,0,0,0,0,0,0,0,missionaries to british guiana 
118486084369,Philadelphia,Pennsylvania,United States,39.959786,-75.163246,1,0,0,0,0,0,0,0,,0,0,0,1,0,1,0,0,0,0,0,0,0,0,0,0,
118486069535,,,,,,0,0,1,0,0,1,0,1,,0,0,1,0,0,0,1,0,1,0,0,0,0,0,0,0,
118486046074,,,,,,0,0,0,0,0,0,0,1,,0,0,0,0,0,0,0,0,0,0,0,0,0,0,0,0,
118486022654,Cambridge,Ontario,Canada,43.4389,-80.2649,0,0,0,0,1,0,0,0,,0,0,0,0,0,1,0,0,1,0,0,0,0,0,0,0,
118486010276,Pointe-Claire,Quebec,Canada,45.4499,-73.8104,0,0,0,0,0,0,1,0,,0,0,0,0,0,0,0,0,0,0,0,0,0,0,0,0,art
118485970033,,,,,,1,0,0,0,0,0,0,0,,0,0,0,0,0,1,0,0,1,0,0,0,0,0,0,0,
118485936922,London,England,United Kingdom,51.507863,-0.126912,0,0,0,0,0,0,1,0,saskatoon theological union,0,0,0,0,0,0,0,0,0,0,0,0,0,0,0,0,theology
118485935898,London,England,United Kingdom,51.507863,-0.126912,0,0,0,0,0,0,1,0,saskatoon theological union,0,0,0,0,0,0,0,0,0,0,0,0,0,0,0,0,theology
118485808511,Toronto,Ontario,Canada,43.725102,-79.402439,0,0,0,0,1,0,0,0,,0,0,0,0,0,1,0,0,0,0,0,0,0,0,0,0,
118485786457,Brampton,Ontario,Canada,43.6803,-79.7275,0,0,0,0,1,0,0,0,,0,0,0,0,0,1,0,0,0,0,0,0,0,0,0,0,
118485589654,Toronto,Ontario,Canada,43.6667,-79.3804,0,0,0,0,0,0,1,0,,0,0,0,0,0,0,0,0,0,0,0,0,1,0,0,0,
118485586127,Kansas City,Missouri,United States,39.1027,-94.5778,0,0,0,0,0,0,1,0,,0,0,0,0,0,0,0,0,1,0,0,0,0,0,0,0,
118485584565,Delta,British Columbia,Canada,49.1588,-122.9176,0,0,0,0,0,0,0,0,rosslander,0,0,0,0,0,1,0,0,1,0,0,0,0,0,0,0,
118485582497,,,,,,0,0,0,0,0,0,1,0,,0,0,0,0,0,0,0,0,1,0,0,0,0,0,0,0,
118485562832,Salem,Oregon,United States,44.9028,-122.9133,0,0,0,0,0,0,1,0,,0,0,0,0,0,0,0,1,0,0,0,0,0,0,0,0,
118485539236,Ellensburg,Washington,United States,47.0046,-120.5068,0,0,0,0,1,0,0,0,,0,0,0,0,0,0,0,0,1,0,0,0,0,0,0,0,
118485538239,,,,,,0,0,0,0,0,0,1,0,,0,0,0,0,0,0,0,0,1,0,0,0,0,0,0,0,
118485524347,,,,,,0,0,0,0,0,0,1,0,,0,0,1,0,0,0,0,0,0,0,0,0,0,0,0,0,
118485507168,Winnipeg,Manitoba,Canada,49.9235,-97.0811,0,0,0,0,0,0,1,0,,0,0,0,0,0,0,0,0,0,0,0,0,0,0,0,0,
118485499593,Calgary,Alberta,Canada,50.9899,-114.1574,0,0,0,0,0,0,1,0,,0,0,0,0,0,0,0,0,0,0,0,0,0,0,0,1,
118485465418,Crystal Beach,Ontario,Canada,45.3508,-75.8233,0,0,0,0,0,0,0,1,,0,0,0,0,0,0,0,0,1,0,0,0,0,0,0,0,
118485460983,Ottawa,Ontario,Canada,45.4512,-75.6033,0,0,0,0,1,0,0,0,,0,0,0,0,0,1,0,0,1,0,0,0,0,0,0,0,
118485456372,Edmonton,Alberta,Canada,53.4612,-113.4145,0,0,0,0,1,0,0,0,independent researcher ,0,1,1,1,0,0,1,1,1,0,0,0,0,0,0,0,"physics, new sciences, economic development"
118485449129,Montreal,Quebec,Canada,45.496317,-73.58497,0,0,0,0,1,0,0,0,,0,0,0,0,0,0,0,0,1,0,0,0,0,0,0,0,
118485442430,,,,,,1,0,0,0,0,0,0,0,,0,0,0,0,0,1,0,0,0,0,0,0,0,0,0,0,
118485441804,,,,,,1,0,0,0,1,0,0,0,,0,0,0,0,0,1,0,0,0,0,0,0,0,0,0,0,
118485413889,,,,,,0,0,0,0,1,0,0,0,,0,0,0,0,0,0,1,0,1,0,0,0,0,0,0,0,
118485380564,Edmonton,Alberta,Canada,53.5171,-113.6617,1,0,0,0,0,0,0,0,,0,0,0,0,0,1,0,0,0,0,0,0,0,0,0,0,
118485380447,Rock Springs,Wyoming,United States,41.6072,-109.228,0,0,0,0,1,0,0,0,,0,0,0,0,0,0,0,0,1,0,0,0,0,0,0,0,
118485343703,,,,,,0,0,0,0,0,0,1,0,,0,0,0,0,0,0,0,0,0,0,0,0,0,0,0,0,social sciences
118485343086,North Bay,Ontario,Canada,46.2801,-79.4502,1,0,0,0,0,0,0,1,,0,0,1,0,0,1,0,0,1,0,0,0,0,0,0,0,
118485328962,,,,,,0,0,0,0,1,1,0,0,,0,0,0,0,0,0,0,0,1,0,0,0,0,0,0,0,railway / industrial history
118485321808,London,Ontario,Canada,43.0147,-81.3049,1,0,0,0,1,0,0,0,,0,0,0,0,0,1,0,0,0,0,0,0,0,0,0,0,
118485312611,Bradford,Ontario,Canada,44.1218,-79.5645,1,0,0,0,0,0,0,0,,0,0,0,0,0,1,0,0,0,0,0,0,0,0,0,0,
118485296426,,,,,,1,0,0,0,0,0,0,0,,0,0,0,0,0,1,0,0,1,0,0,0,0,0,0,0,
118485283576,Toronto,Ontario,Canada,43.6639,-79.3916,0,0,0,0,0,0,1,0,,0,0,0,0,0,0,0,0,1,0,0,0,0,0,0,0,
118485277674,,,,,,1,0,0,0,1,0,0,0,,0,0,1,0,0,0,0,0,1,0,0,0,0,0,0,0,
118485270574,,,,,,1,0,0,0,0,0,0,0,,0,0,0,0,0,1,0,0,1,0,0,0,0,0,0,0,
118485257175,St. Catharines,Ontario,Canada,43.169,-79.2465,0,0,0,0,0,1,0,0,,0,0,0,0,0,0,0,0,1,0,0,0,0,0,0,0,
118485255119,Camrose,Alberta,Canada,53.0192,-112.8347,0,0,0,0,1,0,0,0,,0,0,0,0,0,1,0,0,0,0,0,0,0,0,0,0,
118485242312,Halifax,Nova Scotia,Canada,44.6814,-63.6571,0,0,0,0,1,0,0,0,,0,0,0,0,0,1,1,0,1,0,0,0,0,0,0,0,
118485239590,,,,,,1,0,0,0,0,0,0,0,,0,0,0,0,0,1,0,0,0,1,0,0,0,0,0,0,religion
118485224810,,,,,,1,0,0,0,0,0,0,0,,0,0,0,0,0,1,0,0,0,0,0,0,0,0,0,0,
118485224296,Toronto,Ontario,Canada,43.6426,-79.4002,1,0,0,0,0,0,0,0,,0,0,0,0,0,1,0,0,0,0,0,0,0,0,0,0,
118485215826,Toronto,Ontario,Canada,43.725102,-79.402439,0,0,1,0,0,0,0,0,,0,0,0,0,0,0,0,0,0,0,0,0,1,0,0,0,
118485209736,Prince George,British Columbia,Canada,53.7121,-122.8568,0,1,0,0,0,0,0,0,,0,0,0,0,0,0,0,0,1,0,0,0,0,0,0,0,
118485201554,,,,,,1,0,0,0,0,0,0,0,,0,0,0,0,0,1,0,0,0,0,0,0,0,0,0,0,
118485179675,,,,,,0,0,0,0,0,0,0,0,land surveyor,0,0,0,0,0,0,1,0,0,0,0,0,0,0,0,0,
118485138658,Sarnia,Ontario,Canada,42.9547,-82.281,0,0,0,0,1,0,0,0,,0,0,0,0,0,0,0,0,1,0,0,0,0,0,0,0,
118485117232,Saskatoon,Saskatchewan,Canada,52.0977,-106.6268,0,0,0,0,0,0,1,0,,0,0,1,0,0,0,0,0,1,1,1,0,1,0,0,0,
118485085754,,,,,,0,0,0,0,0,1,0,0,,0,0,0,0,0,0,0,0,1,0,0,0,0,0,0,0,
118485073265,,,,,,0,1,0,0,0,0,0,0,,0,0,1,0,0,0,0,0,0,0,0,0,0,0,0,0,
118485060221,,,,,,1,0,0,0,0,0,1,0,,0,0,0,0,0,1,0,0,0,0,0,0,0,0,0,0,
118485016612,,,,,,0,0,0,0,0,1,0,0,,0,0,0,0,0,0,1,0,0,0,0,0,0,0,0,0,
118485010559,Richmond,British Columbia,Canada,49.1689,-123.1442,0,0,0,0,1,0,0,0,aboriginal  adoptee learning  more about my past ,0,0,1,0,0,1,0,0,0,1,1,0,0,0,0,0,
118484973121,Austin,Texas,United States,30.2627,-97.7467,0,0,0,0,1,0,0,0,,0,0,0,0,0,0,0,0,1,0,0,0,0,0,0,0,
118484965509,,,,,,0,0,0,0,0,0,1,0,,0,0,0,0,0,0,0,0,1,0,0,0,0,0,0,0,
118484955793,Nepean,Ontario,Canada,45.2722,-75.7522,1,0,0,0,0,0,0,0,,0,0,0,0,0,1,0,0,0,0,1,0,0,0,0,0,
118484884407,Rome,Lazio,Italy,41.8904,12.5126,0,0,0,0,0,0,0,1,,0,0,0,1,0,0,0,0,0,0,0,0,0,0,0,1,
118484881363,Eastern Passage,Nova Scotia,Canada,44.617,-63.4871,1,0,0,0,0,0,0,0,,0,0,0,0,0,1,0,0,1,0,0,0,0,0,0,0,
118484809876,,,,,,0,0,0,0,1,0,0,0,,0,0,0,0,0,1,0,0,1,0,0,0,0,0,0,0,
118484786325,,,,,,0,0,0,0,0,0,1,0,,0,0,0,0,0,0,0,0,0,0,0,0,0,0,1,0,
118484774466,Fredericton,New Brunswick,Canada,45.8122,-66.6784,1,0,0,0,0,0,0,0,,0,0,0,0,0,1,0,0,0,0,0,0,0,0,0,0,
118484741848,Clarks Summit,Pennsylvania,United States,41.4833,-75.7171,0,0,0,0,0,0,1,0,,0,0,0,0,0,0,0,0,0,0,0,0,0,0,1,0,
118484724579,Regina,Saskatchewan,Canada,50.5012,-104.6713,0,0,0,0,1,0,0,0,,0,0,1,1,0,0,0,0,1,0,1,0,1,0,0,0,
118484639844,Melbourne,Victoria,Australia,-37.8159,144.9669,1,0,0,0,0,0,0,0,,0,0,0,0,0,1,0,0,0,0,0,0,0,0,0,0,
118484609121,,,,,,0,0,0,0,0,0,1,0,,0,0,0,0,0,0,0,0,1,0,0,0,0,0,0,0,
118484565784,Calgary,Alberta,Canada,51.0483,-113.9633,0,0,0,0,0,0,0,0,independent researcher,0,0,0,1,0,0,0,0,1,1,1,0,0,1,0,0,
118484565552,,,,,,1,0,0,0,0,0,0,0,,0,0,0,0,0,1,0,0,1,0,0,0,0,0,0,0,
118484563715,Saskatoon,Saskatchewan,Canada,52.1119,-106.7297,0,0,0,0,0,0,0,1,,0,0,0,0,0,0,0,1,0,0,0,1,0,1,0,1,
118484534686,Bennington,Vermont,United States,42.8848,-73.191,1,0,0,0,0,0,0,0,,0,0,0,0,0,1,0,0,0,0,0,0,0,0,0,0,
118484515246,,,,,,1,0,0,0,0,0,0,0,,0,0,0,0,0,1,0,0,0,0,0,0,0,0,0,0,
118484501014,,,,,,0,0,0,0,1,0,0,0,,0,0,0,0,0,1,0,0,0,0,0,0,0,0,0,0,
118484492832,Kitchener,Ontario,Canada,43.4419,-80.4216,0,0,0,0,0,1,0,0,,0,0,0,0,0,0,0,0,1,0,0,0,0,0,0,0,
118484489227,,,,,,0,0,0,0,1,0,0,0,,0,0,0,0,0,1,0,0,0,0,0,0,0,0,0,0,
118484459112,Ottawa,Ontario,Canada,45.4285,-75.5879,0,0,0,0,0,0,0,0,retired,0,0,0,0,0,1,0,0,0,0,0,0,0,0,0,0,
118484452868,Napanee,Ontario,Canada,44.2507,-76.946,0,0,0,0,0,1,0,0,,0,0,0,0,0,0,0,0,1,0,0,0,0,0,0,0,
118484445985,Portland,Oregon,United States,45.5036,-122.6778,0,0,0,0,0,0,1,0,,0,0,0,0,0,0,0,0,1,0,0,0,0,0,0,0,
118484441449,,,,,,0,0,0,0,0,0,1,0,,0,0,0,0,0,0,0,0,0,0,0,0,1,0,0,0,
118484405426,Canyon Country,California,United States,34.4279,-118.4513,1,0,0,0,1,0,0,0,,0,0,0,0,0,1,0,0,0,0,0,0,0,0,0,0,
118484399517,Grimsby,Ontario,Canada,43.2001,-79.5663,1,0,0,0,1,0,0,0,,0,0,0,0,0,1,0,0,1,0,0,0,0,0,0,0,
118484387662,,,,,,1,0,0,0,0,0,0,0,,0,0,0,0,0,1,0,0,0,0,0,0,0,0,0,0,
118484383967,Lincoln,Nebraska,United States,40.7842,-96.6461,0,0,0,0,1,0,0,0,,0,0,1,0,0,1,1,0,0,0,0,0,0,0,0,0,
118484372705,,,,,,0,0,0,0,1,0,0,0,,0,0,0,0,0,0,0,0,1,0,0,0,0,0,0,0,
118484369551,,,,,,0,0,0,0,0,1,1,0,,0,0,0,0,0,0,1,0,0,0,0,0,0,0,0,0,
118484367127,Calgary,Alberta,Canada,51.1047,-114.1148,1,0,0,0,0,0,0,0,,0,0,0,0,0,1,0,0,1,0,0,0,0,0,0,0,
118484363485,Ajax,Ontario,Canada,43.8769,-79.0052,1,0,0,0,0,0,0,0,,0,0,0,0,0,0,0,0,0,0,0,0,0,0,0,0,
118484357967,Corner Brook,Newfoundland and Labrador,Canada,48.9171,-57.7979,0,0,0,0,0,0,1,0,,0,0,0,0,0,0,0,0,0,0,0,0,0,0,1,0,
118484354966,,,,,,0,0,0,0,0,0,1,0,graduate,0,0,1,0,0,0,0,0,0,0,0,0,0,0,0,0,educational studies
118484346229,Niles,Illinois,United States,42.0307,-87.8107,1,0,0,0,0,0,0,0,,0,0,0,0,0,0,1,0,1,0,0,0,0,0,0,0,
118484344425,Sackville,New Brunswick,Canada,45.9204,-64.3744,0,0,0,0,0,0,1,0,,0,0,0,0,0,1,0,0,1,0,0,0,0,0,0,0,
118484342908,,,,,,1,0,0,0,0,0,0,0,,0,0,0,0,0,1,0,0,0,0,0,0,0,0,0,0,
118484333758,Toronto,Ontario,Canada,43.725102,-79.402439,0,0,0,0,0,0,1,0,,0,0,0,0,0,0,0,0,1,0,0,0,0,0,0,0,
118484332403,Acton,Massachusetts,United States,42.4748,-71.4499,1,0,0,0,0,0,0,0,,0,0,0,0,0,1,0,0,0,0,0,0,0,0,0,0,
118484325162,,,,,,0,0,0,0,0,0,1,0,,0,0,1,0,0,0,0,0,0,0,1,0,0,0,0,0,
118484318908,Montreal,Quebec,Canada,45.463365,-73.70517,1,0,0,0,0,0,0,0,,0,0,0,0,0,1,0,0,1,0,0,0,0,0,0,0,
118484304565,Winnipeg,Manitoba,Canada,49.8538,-97.2903,1,0,0,0,0,0,0,0,,0,0,0,0,0,1,0,0,0,0,0,0,0,0,0,0,
118484292065,,,,,,0,0,0,0,1,0,0,0,,0,0,0,0,0,0,1,0,1,0,0,0,0,0,0,0,
118484279393,Duncan,British Columbia,Canada,48.7808,-123.7037,0,0,0,0,1,0,0,0,,0,0,0,0,0,0,0,0,0,0,0,0,0,0,0,0,
118484275648,,,,,,0,0,0,0,1,0,0,0,,0,0,0,0,0,0,0,0,0,0,0,0,0,0,0,0,
118484275416,,,,,,0,0,0,0,0,0,1,0,,0,0,0,0,0,0,0,0,1,0,0,0,0,0,0,0,
118484259968,,,,,,0,0,0,0,0,0,0,0,university alumni,0,0,0,0,0,1,0,0,0,0,0,0,0,0,0,0,
118484255819,Zwolle,Overijssel,The Netherlands,52.4816,6.1246,0,0,0,0,0,0,0,0,volunteer researcher canadian war cemetery,0,0,0,0,0,0,0,0,1,0,1,0,0,0,0,0,
118484253719,,,,,,0,0,0,0,1,0,0,0,,0,0,0,0,0,0,0,0,0,0,0,0,0,0,0,0,
118484248198,,,,,,0,0,0,0,1,0,0,0,,0,0,0,0,0,0,0,0,1,0,0,0,0,0,0,0,
118484241064,,,,,,1,0,0,0,1,1,0,0,,0,0,0,0,0,1,0,0,1,0,0,0,0,0,0,0,
118484239726,Dartmouth,Nova Scotia,Canada,44.6747,-63.5094,0,0,0,0,1,0,0,0,,0,0,0,0,0,0,0,0,1,0,0,0,0,0,0,0,
118484200761,,,,,,0,0,0,0,1,0,0,0,,0,1,0,1,0,1,0,0,1,0,1,0,0,0,0,0,
118484168087,Kent,Washington,United States,47.3831,-122.2092,0,0,0,0,0,0,1,0,,0,0,0,0,0,0,0,0,0,0,0,0,0,0,0,0,religion
118484161080,,,,,,0,0,1,0,0,0,0,0,,0,1,0,0,0,1,0,0,0,1,1,0,1,1,0,0,
118484149810,Vancouver,British Columbia,Canada,49.2155,-123.1427,0,0,0,0,1,0,0,0,,0,0,0,0,0,1,0,0,1,1,1,0,0,0,0,0,
118484140732,Palm Springs,California,United States,33.7983,-116.5106,0,0,0,0,1,0,0,0,,0,0,0,0,0,0,1,0,1,0,0,0,0,0,0,0,arctic explorers
118484137631,,,,,,1,0,0,0,0,0,0,0,,0,0,0,0,0,1,0,0,0,0,0,0,0,0,0,0,
118484117295,Scarborough,Ontario,Canada,43.7274,-79.2604,0,0,0,0,1,0,0,0,,1,0,0,0,0,0,0,0,0,0,0,0,0,0,0,0,
118484112447,,,,,,0,0,1,0,0,0,0,0,,0,0,0,0,0,0,0,0,1,0,0,0,0,0,0,0,
118484111719,,,,,,0,0,0,0,1,0,0,0,"minister, born/raised in alberta.  family came in covered wagon from oklahoma and settled in alberta in 1800s.  father defended canada in wwii. .",0,0,0,0,1,0,1,0,1,0,0,0,0,0,0,0,"history of, as well as current equality of each territory and province of canada. "
118484110397,Weehawken,New Jersey,United States,40.7662,-74.0178,1,0,0,0,0,0,0,0,,0,0,0,0,0,0,0,0,1,0,0,0,0,0,0,0,military history
118484102290,,,,,,0,0,0,0,1,0,0,0,,0,0,0,0,1,0,0,0,0,0,0,0,0,0,0,0,
118484067075,Greater Sudbury,Ontario,Canada,46.4877,-80.9787,0,0,0,0,0,0,1,0,,0,0,0,1,0,0,0,0,0,0,0,0,0,0,0,0,
118484059018,,,,,,0,0,0,0,1,0,0,0,,0,0,0,0,0,0,0,0,1,0,0,0,0,0,0,1,
118484056107,Cambridge,Ontario,Canada,43.4389,-80.2649,0,0,0,0,1,0,0,0,,0,0,0,0,0,0,0,0,1,0,0,0,0,0,1,0,
118484045341,,,,,,0,0,0,1,0,0,0,0,,0,0,0,0,0,0,0,0,1,1,1,0,1,0,0,0,
118484043568,,,,,,0,0,0,0,0,0,1,0,,0,0,0,0,0,0,0,0,0,0,0,0,0,0,0,0,
118484040480,,,,,,0,0,0,0,1,0,0,0,,0,0,0,0,0,0,0,0,0,0,0,0,0,0,0,0,
118484027101,,,,,,0,0,0,0,1,0,0,0,,0,0,0,0,0,0,0,0,1,0,0,0,0,0,0,0,
118484026208,Montreal,Quebec,Canada,45.463365,-73.70517,1,0,0,0,0,0,0,0,,0,0,0,0,0,0,0,0,0,0,0,0,0,0,0,0,
118484015784,St. Albert,Alberta,Canada,53.632,-113.6363,0,0,0,0,0,0,1,0,,0,0,0,0,0,0,0,0,1,0,0,0,0,0,0,0,
118484014031,Montreal,Quebec,Canada,45.4994,-73.5703,0,0,0,0,0,1,0,0,,0,0,0,0,0,0,0,0,0,0,0,0,0,0,0,0,journalism 
118484007836,Campbell River,British Columbia,Canada,50.0797,-125.5892,0,0,0,0,1,0,0,0,,0,0,0,0,0,0,0,0,1,0,1,0,0,0,0,0,
118484007355,Regina,Saskatchewan,Canada,50.429,-104.5341,1,0,0,0,0,0,0,0,,0,0,0,0,0,1,1,0,1,0,0,0,0,0,0,0,
118483983142,,,,,,1,0,0,0,0,0,0,0,,0,0,0,0,0,1,0,0,0,0,0,0,0,0,0,0,
118483977571,Toronto,Ontario,Canada,43.709,-79.4057,0,0,0,0,1,0,0,0,i like maps,0,0,0,0,0,0,1,0,0,0,0,0,0,0,0,0,i like roads
118483977466,Seattle,Washington,United States,47.6034,-122.3414,0,0,0,0,0,1,0,0,,0,0,1,1,1,0,0,0,1,0,1,0,0,0,0,0,
118483971938,,,,,,0,0,0,0,1,0,0,0,,0,0,0,0,0,1,0,0,0,0,0,0,0,0,0,0,
118483959439,,,,,,1,0,0,0,0,0,0,0,,0,0,0,0,0,1,0,0,1,0,0,0,0,0,0,0,
118483955625,,,,,,1,0,0,0,0,0,0,0,,0,0,0,0,0,1,0,0,0,0,0,0,0,0,0,0,
118483951710,,,,,,1,0,0,0,0,0,0,0,,0,0,0,0,0,1,0,0,0,0,0,0,0,0,0,0,
118483950563,,,,,,0,1,1,0,0,0,0,0,,0,0,0,0,0,0,0,0,0,0,0,0,0,0,0,0,
118483947708,,,,,,0,0,0,0,0,0,1,0,,0,0,0,0,0,0,0,0,0,0,0,0,0,0,0,1,
118483934942,Cheticamp,Nova Scotia,Canada,46.6365,-61.0151,0,0,0,0,1,0,0,0,,0,0,0,0,0,0,0,0,1,0,0,0,0,0,0,0,
118483924660,Attleboro,Massachusetts,United States,41.9261,-71.3011,1,0,0,0,1,0,0,0,,0,0,0,0,0,1,0,0,1,0,0,0,0,0,0,0,acadian history
118483922763,Loretto,Ontario,Canada,44.0517,-79.8944,1,1,0,0,0,0,0,0,speaker & writer on historical topics,0,0,0,0,0,0,0,0,1,0,1,0,0,0,0,0,history of muskoka and of ontario
118483922361,,,,,,0,0,0,0,1,0,0,0,,0,0,0,0,0,0,0,1,1,0,1,0,0,0,1,0,
118483920042,Calgary,Alberta,Canada,51.053,-114.1361,0,0,0,0,0,1,0,0,,0,0,0,0,0,0,0,0,1,0,0,0,1,0,0,0,
118483919188,Dundas,Ontario,Canada,43.266,-79.9441,0,0,0,0,0,0,1,0,,0,0,0,0,0,0,0,0,0,0,0,1,0,0,0,0,
118483917842,,,,,,1,0,0,0,0,0,0,0,,0,0,0,0,0,0,0,0,1,0,0,0,0,0,0,0,
118483902503,,,,,,0,1,0,0,0,0,0,0,,0,0,0,0,0,0,0,0,0,0,0,0,0,0,0,0,
118483901113,Montreal,Quebec,Canada,45.4738,-73.5875,0,0,0,0,0,0,1,0,,0,0,0,0,0,0,0,0,1,0,0,0,0,0,0,0,
118483898336,,,,,,0,0,0,1,0,0,0,0,,0,0,0,0,0,0,0,0,0,0,0,0,1,0,0,0,
118483871308,,,,,,0,0,0,0,1,0,1,1,,1,0,1,1,0,1,1,0,1,1,1,1,1,1,1,1,
118483867604,Peterborough,Ontario,Canada,44.3221,-78.318,0,0,0,0,0,0,1,0,,0,0,0,0,0,0,0,0,0,0,0,0,0,0,0,0,
118483830297,Truro,Nova Scotia,Canada,45.369,-63.263,1,0,0,0,0,0,0,0,,0,0,0,0,0,1,0,0,1,0,0,0,0,0,0,0,
118483827659,Nanaimo,British Columbia,Canada,49.2114,-124.0201,0,0,0,0,1,0,0,0,,0,0,0,1,0,0,1,0,1,0,1,0,0,0,0,0,
118483826009,,,,,,1,0,0,0,0,0,0,0,,0,0,0,0,0,1,0,0,1,0,0,0,0,0,0,0,
118483825203,,,,,,0,0,0,0,1,0,0,0,,0,0,0,0,0,0,0,0,1,0,0,0,0,0,0,0,
118483820586,,,,,,1,0,0,0,0,0,0,0,,0,0,0,0,0,1,0,0,0,0,0,0,0,0,0,0,
118483764464,,,,,,0,0,0,0,0,0,1,0,,0,0,1,0,0,0,0,0,0,0,0,0,0,0,0,0,
118483708669,Dublin,Leinster,Ireland,53.3486,-6.3624,0,0,0,0,1,0,0,0,,0,0,0,0,0,0,0,0,1,0,0,0,0,0,0,0,
118483705390,,,,,,0,0,0,0,0,0,0,0,indigenous researcher,0,0,0,1,0,1,1,0,1,1,1,0,1,1,0,0,
118483703360,,,,,,0,0,0,0,0,0,1,0,,0,0,0,0,0,0,0,0,0,0,0,0,1,0,0,0,
118483680636,Cambridge,Ontario,Canada,43.4389,-80.2649,0,0,0,0,1,0,0,0,,0,0,0,0,0,0,0,0,0,0,0,0,0,0,0,0,sports history
118483647014,Chatham,Ontario,Canada,42.4211,-82.1939,1,0,0,0,0,0,0,0,,0,0,0,0,0,1,0,0,1,0,0,0,0,0,0,0,
118483643835,Ann Arbor,Michigan,United States,42.2807,-83.7801,1,0,0,0,0,0,0,0,,0,0,0,0,0,1,0,0,0,0,0,0,0,0,0,0,
118483640405,Oshawa,Ontario,Canada,43.9228,-78.8693,0,0,0,0,1,0,0,0,,0,0,0,0,0,0,1,0,0,0,0,0,0,0,0,0,
118483639384,,,,,,0,0,0,0,1,0,0,0,,0,0,0,0,0,0,1,0,0,0,0,0,0,0,0,0,
118483639335,Sturgeon Falls,Ontario,Canada,46.3685,-79.9156,0,0,0,0,1,0,0,0,,1,0,0,1,0,0,1,0,1,1,0,0,0,0,0,0,
118483631534,,,,,,0,0,0,0,1,0,0,0,,0,0,0,0,0,0,0,1,0,0,0,0,1,0,0,0,
118483625383,,,,,,0,0,0,0,0,0,1,0,,0,0,0,0,0,0,0,0,1,0,0,0,0,0,0,1,religious studies
118483616894,Kitchener,Ontario,Canada,43.4419,-80.4216,1,0,0,0,0,0,0,0,,0,0,0,0,0,1,0,0,1,0,0,0,0,0,0,0,
118483600182,,,,,,0,0,0,0,0,0,1,0,,0,0,0,0,0,0,0,0,1,0,0,0,0,0,0,0,
118483598812,,,,,,0,0,0,0,1,0,0,0,,0,0,0,0,1,1,0,0,1,1,1,0,0,0,0,0,
118483579143,,,,,,0,0,0,0,0,0,0,0,architect heritage ,0,0,1,0,0,1,1,0,1,0,0,0,0,0,0,0,
118483564193,,,,,,1,0,0,0,0,0,0,0,,0,0,0,0,0,1,0,0,0,0,0,0,0,0,0,0,
118483551541,,,,,,0,0,0,0,0,0,1,0,,0,0,0,0,0,0,0,0,0,0,0,0,0,0,1,0,
118483544612,Toronto,Ontario,Canada,43.7466,-79.3517,0,0,0,0,1,0,0,0,,0,0,0,0,0,0,0,0,1,0,0,0,0,0,0,0,
118483536174,Woodbridge,Ontario,Canada,43.8419,-79.5565,0,0,0,0,1,0,0,0,,0,0,0,0,0,0,0,1,0,0,0,0,0,0,0,0,
118483531901,,,,,,1,0,0,0,0,0,0,0,,0,0,0,0,0,1,0,0,0,0,0,0,0,0,0,0,
118483531866,Airdrie,Alberta,Canada,51.3062,-114.0394,0,0,0,0,0,0,1,0,,0,0,0,0,0,0,0,0,1,0,1,0,0,0,0,0,
118483523308,,,,,,0,0,0,0,1,0,0,0,,0,0,0,0,0,1,0,0,0,0,0,0,0,0,0,0,
118483497153,Pensacola,Florida,United States,30.4199,-87.217,1,0,0,0,0,0,0,0,,0,0,0,0,0,1,0,0,0,0,0,0,0,0,0,0,
118483489737,Penticton,British Columbia,Canada,49.4817,-119.5818,0,0,0,0,1,0,0,0,,0,0,0,0,0,0,0,0,0,0,0,0,0,0,0,0,military
118483461146,Edmonton,Alberta,Canada,53.5349,-113.5181,0,0,1,0,0,0,0,0,,0,0,0,0,0,0,0,0,1,0,0,0,0,0,0,0,
118483449805,,,,,,0,0,0,0,1,0,0,0,,0,0,0,0,0,0,0,0,1,0,0,0,0,0,0,0,
118483447758,Vancouver,British Columbia,Canada,49.331,-123.1437,0,0,0,1,0,0,0,0,,0,0,0,0,0,0,1,0,0,1,0,0,0,0,0,0,
118483440238,Summerland,British Columbia,Canada,49.5961,-119.6746,1,0,0,0,0,0,0,0,,0,0,0,0,0,1,0,0,0,0,0,0,0,0,0,0,
118483431202,,,,,,1,0,0,0,0,0,0,0,,0,0,0,0,0,1,1,0,0,0,0,0,0,0,0,0,
118483423493,,,,,,0,1,0,0,0,0,0,0,,0,0,0,0,0,0,0,0,1,0,0,0,1,0,0,1,parliament documents
118483417316,,,,,,1,0,0,0,1,0,0,0,,0,0,0,0,0,1,0,0,1,0,0,0,0,0,0,0,
118483393825,,,,,,0,0,0,0,1,0,0,0,,0,0,0,0,0,0,0,0,1,0,0,0,0,0,0,0,
118483393200,St. John's,Newfoundland and Labrador,Canada,47.5629,-52.7041,0,0,0,0,0,0,1,0,,0,0,0,0,0,0,0,0,0,0,0,0,0,0,0,1,
118483374767,Walkerton,Ontario,Canada,44.1353,-81.1466,1,0,0,0,0,0,0,0,,0,0,0,0,0,1,1,0,1,0,0,0,0,0,0,0,
118483374541,,,,,,0,0,0,0,0,0,0,0,author of early bc and canadian history,0,0,0,0,0,0,0,0,1,0,0,0,0,0,0,0,book-in-progress: who wrote the 1876 indian act?
118483358422,,,,,,0,0,0,0,1,0,0,0,,0,0,0,0,0,0,0,0,1,0,0,0,0,0,0,0,
118483348870,Stratford,Ontario,Canada,43.3679,-80.9523,1,0,0,0,0,0,0,0,,0,0,0,0,0,1,0,0,0,0,0,0,0,0,0,0,
118483348050,Mitchell/Ontario,Ontario,Canada,43.4706,-81.1971,0,1,0,0,0,0,0,0,,0,0,0,0,0,1,0,0,0,0,0,0,0,0,0,0,local history
118483343490,Woodstock,Ontario,Canada,43.1407,-80.7344,0,1,0,0,0,0,0,0,,0,0,0,0,0,1,0,0,1,0,0,0,0,0,0,0,
118483332010,,,,,,0,0,0,0,0,0,1,0,,0,0,0,0,0,0,0,0,0,0,0,0,0,0,0,0,humanities
118483233081,,,,,,1,0,0,0,0,0,0,0,,0,0,0,0,0,1,0,0,0,0,0,0,0,0,0,0,
118483232172,,,,,,1,0,0,0,0,0,0,0,,0,0,0,0,0,1,0,0,0,0,0,0,0,0,0,0,
118483215564,,,,,,0,0,0,0,0,1,0,0,,0,0,0,0,0,1,1,0,1,0,0,0,1,0,0,0,urban studies
118483212915,Scarborough,Ontario,Canada,43.7489,-79.2305,1,0,0,0,0,0,0,0,,0,1,0,0,0,0,0,0,0,0,0,0,0,0,0,0,
118483198203,,,,,,0,0,0,0,0,0,0,1,,0,0,0,0,0,0,0,0,1,0,0,0,0,0,0,0,
118483197151,Oakville,Ontario,Canada,43.4879,-79.7113,0,0,0,0,0,1,0,0,,0,0,0,0,0,0,0,0,1,0,0,0,0,0,0,0,
118483179869,London,Ontario,Canada,42.9545,-81.2714,0,0,0,0,0,1,0,0,,0,0,0,0,0,0,0,0,1,0,0,0,0,0,0,0,baseball
118483168262,,,,,,0,0,0,0,0,1,0,0,,0,0,0,0,0,0,0,0,1,0,0,0,0,0,0,0,
118483121435,,,,,,0,1,0,0,0,0,0,0,,0,0,0,0,0,0,0,0,0,0,0,0,0,0,0,0,
118483100700,,,,,,1,0,0,0,1,1,0,0,retired,0,0,0,0,0,1,0,0,1,0,0,0,0,0,0,0,
118483073966,,,,,,0,0,0,0,1,0,0,0,,0,0,0,0,0,0,0,0,1,0,0,0,0,0,0,1,
118483066098,Kingston,Ontario,Canada,44.2983,-76.4323,0,0,0,0,0,0,1,0,,0,0,0,0,0,0,0,0,0,0,0,0,0,0,0,0,
118483062828,,,,,,0,0,0,0,0,0,1,0,,0,1,0,0,0,0,1,0,1,0,1,0,0,0,0,0,
118483050925,Toronto,Ontario,Canada,43.725102,-79.402439,1,0,0,0,1,0,0,0,,0,0,0,0,0,1,0,0,0,0,0,0,0,0,0,0,
118483018527,,,,,,0,1,0,0,0,0,0,0,,0,0,1,0,0,0,0,0,0,0,0,0,0,0,0,0,
118482986956,,,,,,1,0,0,0,0,0,0,0,,0,0,0,0,0,1,0,0,1,0,0,0,0,0,0,0,
118482983158,,,,,,0,0,0,0,1,0,0,0,,0,0,0,0,0,0,0,0,1,0,0,0,0,0,0,0,
118482971651,Montreal,Quebec,Canada,45.4579,-73.5493,1,0,0,0,0,0,0,0,,0,0,0,0,0,1,0,0,1,1,1,0,0,0,0,0,
118482924591,Paddle Prairie,Alberta,Canada,57.9499,-117.48,0,0,0,0,0,0,0,0, missing aircraft?   1996,0,0,0,0,0,0,0,0,1,0,0,0,0,0,0,0,missing aircraft?   1996
118482875902,,,,,,1,0,0,0,0,0,0,0,,0,0,0,0,0,1,0,0,1,0,0,0,0,0,0,0,
118482817224,,,,,,0,0,0,0,0,0,1,0,,0,0,1,0,0,0,1,0,1,1,0,0,0,0,0,0,
118482746962,,,,,,0,0,0,0,1,0,0,0,,0,0,0,0,0,1,0,0,0,0,0,0,0,0,0,0,
118482730976,,,,,,0,0,0,0,0,0,1,0,,0,0,0,0,0,0,0,0,0,0,0,0,0,0,0,0,communications 
118482700856,Woodstock,Ontario,Canada,43.1407,-80.7344,1,0,0,0,1,0,0,0,,0,0,0,0,0,1,1,0,1,0,0,0,0,0,0,0,
118482699247,,,,,,0,0,0,0,0,0,1,0,,0,0,0,0,0,0,0,0,0,0,0,0,0,0,1,0,
118482676526,Québec,Quebec,Canada,46.8743,-71.2803,0,0,0,0,1,0,0,0,,0,0,0,0,0,0,0,0,1,0,0,0,0,0,0,0,
118482672116,Toronto,Ontario,Canada,43.6909,-79.3098,0,0,0,0,0,1,0,0,,0,0,0,0,0,0,0,0,1,0,0,0,0,0,0,0,
118482663862,,,,,,0,0,0,0,0,1,0,0,,0,0,0,0,0,0,0,0,1,0,0,0,0,0,0,0,
118482659166,Saskatoon,Saskatchewan,Canada,52.1562,-106.6914,1,0,0,0,0,0,0,0,,0,0,0,0,0,0,0,0,0,0,0,0,0,0,0,0,
118482653927,Toronto,Ontario,Canada,43.725102,-79.402439,0,0,0,0,1,0,0,0,,0,0,0,0,0,0,1,0,0,0,0,0,0,0,0,0,
118482653723,,,,,,0,0,0,0,1,0,0,0,,0,0,0,0,0,0,1,0,0,0,0,0,0,0,0,0,
118482646949,Ellicott City,Maryland,United States,39.2514,-76.7979,0,0,0,0,0,0,1,0,,0,0,0,0,0,0,0,0,1,0,0,0,0,0,0,0,
118482632592,,,,,,0,0,0,0,1,0,0,0,,0,0,0,0,0,0,1,0,0,0,0,0,0,0,0,0,
118482630451,,,,,,1,0,0,0,0,0,0,0,,0,0,0,0,0,1,0,0,0,0,0,0,0,0,0,0,
118482629591,,,,,,1,0,0,0,0,0,0,0,,0,0,0,0,0,0,0,0,1,0,0,0,0,0,0,0,
118482619545,,,,,,0,0,0,0,0,0,1,0,,0,0,0,0,0,0,0,0,1,0,0,0,0,0,0,0,
118482603142,,,,,,0,0,0,0,0,0,0,0,independent historial researcher,0,0,0,0,0,0,0,1,0,0,0,0,0,0,0,0,
118482575685,Mississauga,Ontario,Canada,43.5639,-79.7172,0,0,0,0,1,0,0,0,,0,0,0,0,0,0,0,0,0,0,0,0,0,0,0,0,home children from barnardo homes in england
118482568315,,,,,,0,0,0,0,1,0,0,0,,0,0,1,1,0,0,0,0,1,0,1,0,0,0,0,0,
118482562274,Seixal,Setúbal,Portugal,38.6482,-9.0902,0,0,0,0,0,0,1,0,,0,0,0,0,0,0,1,0,0,0,0,0,0,0,0,0,
118482534870,Regina,Saskatchewan,Canada,50.429,-104.5341,1,0,0,0,0,0,0,0,,0,0,0,0,0,1,0,0,0,0,0,0,0,0,0,0,
118482534091,,,,,,1,0,0,0,0,0,0,0,,0,0,0,0,0,1,0,0,1,0,0,0,0,0,0,0,
118482525403,Oakland,California,United States,37.7794,-122.2178,0,0,0,0,0,0,0,0,looking for sports leagues,0,0,0,0,0,0,0,0,0,0,0,0,0,0,0,0,"sports, leagues"
118482508351,,,,,,0,0,0,0,0,0,1,0,,0,0,0,0,0,0,0,0,0,0,1,0,0,0,0,0,
118482486284,Picton,Ontario,Canada,44.0034,-77.1428,0,0,0,0,0,0,0,0,writer,0,0,0,0,0,0,0,0,1,0,0,0,0,0,0,0,
118482485565,,,,,,0,0,0,0,1,0,0,0,,0,0,0,0,0,0,0,0,1,0,0,0,0,0,0,0,
118482482627,Montreal,Quebec,Canada,45.463365,-73.70517,0,0,0,0,1,1,0,0,,0,0,0,0,0,0,0,0,1,0,0,0,0,0,0,0,
118482482302,Penticton,British Columbia,Canada,49.4817,-119.5818,1,0,0,0,0,0,0,0,,0,0,0,0,0,1,0,0,0,0,0,0,0,0,0,0,
118482461664,Scarborough,Ontario,Canada,43.7813,-79.3019,1,0,0,0,0,0,0,0,,0,0,0,0,0,1,1,0,1,0,0,0,0,0,0,0,
118482460689,,,,,,1,0,0,0,0,0,0,0,,0,0,0,0,0,1,0,0,1,0,0,0,0,0,0,1,
118482458192,Toronto,Ontario,Canada,43.6785,-79.2935,0,0,0,0,0,0,0,0,editor,0,0,0,0,0,0,0,0,1,0,0,0,0,0,0,0,
118482440311,,,,,,0,0,0,0,0,0,1,0,,0,0,0,0,0,0,0,0,1,0,0,0,0,0,0,0,
118482438948,,,,,,0,0,0,0,1,0,0,0,,0,0,0,0,0,0,0,0,1,0,0,0,0,0,0,0,
118482436902,Toronto,Ontario,Canada,43.709,-79.4057,0,0,0,0,0,0,1,0,,0,0,0,0,0,0,0,0,0,0,0,0,1,0,0,0,
118482432938,Thunder Bay,Ontario,Canada,48.3987,-89.3168,0,0,0,0,0,0,0,0,,0,0,0,0,0,0,1,0,0,0,0,0,0,0,0,0,
118482431823,,,,,,1,0,0,0,0,0,0,0,amateur genealogist,0,0,0,0,0,1,0,0,1,0,0,0,0,0,0,0,
118482431600,,,,,,0,0,0,0,0,0,0,0,curious,0,0,0,0,0,0,1,0,1,0,0,0,0,0,0,1,
118482431169,North Vancouver,British Columbia,Canada,49.3164,-123.0572,0,0,0,0,0,1,0,0,,0,0,0,0,0,0,0,0,1,0,0,0,0,0,0,0,
118482428310,,,,,,0,0,0,0,1,0,0,0,,0,0,0,0,0,0,0,0,1,0,0,1,0,0,0,0,
118482420270,Cambridge,Ontario,Canada,43.4389,-80.2649,0,0,0,0,1,0,0,0,,0,0,0,0,0,0,0,0,0,0,0,0,0,0,0,0,
118482415189,Beaconsfield,Quebec,Canada,45.4348,-73.8629,1,0,0,0,0,0,0,0,,0,0,0,0,0,1,0,0,0,0,0,0,0,0,0,0,
118482412892,,,,,,0,0,0,0,1,0,0,0,,0,0,0,0,0,1,0,0,0,0,0,0,0,0,0,0,
118482399681,,,,,,0,1,0,0,0,0,0,0,,0,0,0,1,0,1,1,0,0,0,1,0,0,0,0,0,
118482398528,Toronto,Ontario,Canada,43.709,-79.4057,0,0,0,0,1,0,0,0,,0,0,0,0,1,1,1,0,1,0,0,0,0,0,0,0,
118482382960,,,,,,1,0,0,0,1,0,0,0,,0,0,0,0,0,1,0,0,1,1,1,0,0,1,0,0,
118482376327,London,Ontario,Canada,43.0461,-81.2436,0,0,0,0,0,1,0,0,,0,0,0,0,0,0,0,0,1,0,0,0,0,0,0,0,
118482376230,,,,,,0,1,0,0,0,0,0,0,,0,0,0,0,0,0,0,0,1,0,0,0,0,0,0,0,
118482374867,Edmonton,Alberta,Canada,53.5484,-113.4378,0,0,0,0,0,1,0,0,,0,0,0,0,0,0,0,0,1,0,0,0,0,0,0,0,
118482371568,,,,,,0,0,0,0,0,0,0,1,,0,0,0,0,0,0,0,0,1,0,0,0,0,0,0,0,
118482366020,,,,,,0,0,1,0,0,0,0,0,,0,0,0,0,0,1,0,0,1,0,0,0,0,0,0,0,
118482365325,,,,,,1,0,0,0,0,0,0,0,,0,0,0,0,0,1,0,0,0,0,0,0,0,0,0,0,
118482361466,,,,,,0,0,0,0,0,0,1,0,,0,0,0,0,0,0,0,1,1,0,0,0,0,0,1,0,
118482357992,Listowel,Ontario,Canada,43.7341,-80.9464,0,0,0,0,1,0,0,0,,0,0,0,0,0,0,0,0,1,0,0,0,0,0,0,0,
118482346565,Fredericton,New Brunswick,Canada,45.8122,-66.6784,0,0,0,0,0,1,0,0,,0,0,0,0,1,0,0,0,1,0,0,0,0,0,1,0,sexuality
118482339045,,,,,,0,0,0,0,0,0,1,0,,0,0,0,0,0,0,0,0,1,0,0,0,0,0,0,0,
118482329340,Burlington,Ontario,Canada,43.3802,-79.7626,0,0,0,0,1,0,0,0,,0,0,0,0,0,0,1,0,1,0,0,0,0,0,0,0,
118482322670,,,,,,0,0,0,0,1,0,0,0,,0,0,0,0,0,0,1,0,0,0,0,0,0,0,0,0,
118482317515,,,,,,0,0,0,0,1,0,0,0,,0,0,0,0,0,0,0,0,0,0,0,0,0,0,0,0,all of the above
118482315969,Saskatoon,Saskatchewan,Canada,52.1119,-106.7297,1,0,0,0,1,0,0,0,writing family ranch history,0,0,0,0,0,0,0,0,1,0,0,0,0,0,0,0,
118482312705,,,,,,0,0,0,0,1,0,0,1,"retired, looking to learn new things ",0,0,1,0,0,0,1,1,1,0,1,0,0,0,0,0,
118482310120,,,,,,1,0,0,0,1,1,0,0,,0,0,0,0,0,1,0,0,1,0,0,0,0,0,0,0,
118482297974,London,Ontario,Canada,42.9591,-81.2322,0,0,0,0,0,0,1,0,,0,0,1,1,1,0,0,0,1,0,0,0,1,0,0,1,
118482297205,Caledon,Ontario,Canada,43.8611,-80.0006,0,0,0,0,1,0,0,0,,0,0,0,0,0,0,0,0,1,0,0,0,0,0,0,0,
118482294686,Montreal,Quebec,Canada,45.496317,-73.58497,0,0,0,0,0,0,1,0,,0,0,0,0,0,0,0,0,0,0,0,0,0,0,0,0,
118482288078,,,,,,1,0,0,0,0,0,0,0,,0,0,0,0,0,0,0,0,0,0,0,0,0,0,0,0,
118482286691,Toronto,Ontario,Canada,43.709,-79.4057,0,0,0,1,0,0,0,0,,0,0,0,0,0,0,0,0,1,1,0,0,1,0,0,0,
118482284226,Saint John,New Brunswick,Canada,45.2701,-66.0636,0,0,0,0,1,0,0,0,,0,0,0,0,0,1,0,0,1,0,0,0,0,0,0,0,
118482276822,,,,,,0,0,0,0,0,0,1,0,,0,0,0,0,0,0,0,0,1,0,0,0,0,0,0,0,
118482275714,,,,,,0,0,0,0,1,0,0,0,,0,0,0,0,0,1,0,0,1,0,0,0,0,0,0,0,
118482259019,Augusta,Maine,United States,44.3233,-69.7687,1,0,0,0,1,0,0,0,,0,0,0,0,0,1,0,0,1,0,0,0,0,0,0,0,
118482253933,Saint John,New Brunswick,Canada,45.2701,-66.0636,1,0,0,0,0,0,0,0,,0,0,0,0,0,0,0,0,0,0,0,0,0,0,0,0,
118482249776,,,,,,0,0,1,0,0,0,0,0,,0,0,0,0,0,0,0,0,0,0,0,0,1,0,0,0,
118482248534,Perth,Scotland,United Kingdom,56.421,-3.4766,0,0,0,0,1,0,0,0,,0,0,0,0,0,1,0,0,0,0,0,0,0,0,0,0,
118482242507,Ottawa,Ontario,Canada,45.3973,-75.6883,0,0,1,0,0,0,0,0,,0,0,0,0,0,1,0,0,1,0,0,0,0,0,0,0,
118482234303,,,,,,0,0,0,0,1,0,0,0,,0,0,0,0,0,0,0,0,0,0,0,0,0,0,0,0,
118482232101,,,,,,0,0,0,0,1,0,0,0,,0,0,0,0,0,0,0,0,1,0,0,0,1,0,0,0,
118482229111,,,,,,0,0,0,0,1,0,0,0,an ageless student who has achieved little apart from avbiding interests,0,0,0,0,0,0,0,0,0,0,0,0,0,0,0,0,see above
118482191103,Saskatoon,Saskatchewan,Canada,52.1648,-106.6089,1,0,0,0,0,0,0,0,,1,0,0,0,0,1,0,0,0,0,0,0,0,0,0,0,
118482190465,Kingston,Ontario,Canada,44.2454,-76.5813,0,0,0,0,1,0,0,0,,0,0,0,0,0,0,0,0,1,0,0,0,0,0,0,0,
118482177459,London,Ontario,Canada,43.0147,-81.3049,1,0,0,0,0,0,0,0,,0,0,0,0,0,0,0,0,0,0,0,0,0,0,0,0,
118482174282,Toronto,Ontario,Canada,43.6639,-79.3916,0,1,0,0,0,0,0,0,,0,0,0,0,0,1,0,0,1,0,0,0,1,0,0,0,
118482162351,,,,,,0,0,0,0,1,0,0,0,,0,0,0,0,0,0,1,0,1,0,1,0,0,0,0,0,archaeology
118482144153,Toronto,Ontario,Canada,43.7012,-79.3877,0,0,0,1,0,0,0,0,,0,0,0,0,0,0,0,0,0,0,0,0,1,0,0,0,
118482140992,,,,,,1,0,0,0,1,0,0,0,,0,0,0,0,0,1,0,0,1,0,0,0,0,0,0,0,
118482138832,Amsterdam,New York,United States,42.938,-74.1853,1,0,0,0,0,0,0,0,,0,0,0,0,0,1,0,0,0,0,0,0,0,0,0,0,
118482109181,Calgary,Alberta,Canada,50.9266,-113.9726,0,1,0,0,0,0,0,1,,0,0,0,0,0,0,0,0,1,0,0,0,0,0,0,0,
118482090078,,,,,,0,0,0,0,1,0,0,0,,1,0,0,0,0,0,1,0,0,0,0,0,0,0,0,0,
118482057767,,,,,,0,0,1,0,0,0,0,0,,0,0,0,0,0,0,0,0,1,0,0,0,0,0,0,0,
118482055463,,,,,,0,0,0,0,1,0,0,0,,0,0,0,0,0,0,0,0,1,0,0,0,0,0,0,0,
118482053848,Cambridge,Ontario,Canada,43.4389,-80.2649,0,0,0,0,1,0,0,0,,0,0,0,0,0,0,0,0,1,0,0,0,0,0,0,0,
118482039904,,,,,,1,0,0,0,0,0,0,0,,0,0,0,1,0,1,0,0,0,0,0,0,0,0,0,0,
118482022303,,,,,,0,0,0,0,0,0,0,0,,0,0,0,0,0,0,1,0,1,1,1,0,0,0,0,0,
118482018960,Toronto,Ontario,Canada,43.725102,-79.402439,0,0,0,0,0,0,0,1,,0,0,0,0,0,0,0,0,0,0,0,0,0,0,0,0,geology
118482018043,Nepean,Ontario,Canada,45.2722,-75.7522,0,0,0,0,0,0,0,1,,1,0,1,1,0,0,1,0,1,0,0,0,0,0,0,0,
118482010943,,,,,,0,0,0,0,0,0,0,0,artist,0,0,0,1,0,0,1,0,1,0,0,0,0,0,0,0,
118482009351,Toronto,Ontario,Canada,43.725102,-79.402439,0,0,0,0,0,0,0,0,artist,0,0,0,1,0,0,1,0,1,0,0,0,0,0,0,0,
118482008392,,,,,,0,0,0,0,0,0,0,0,artist,0,0,0,1,0,0,1,0,1,0,0,0,0,0,0,0,
118482003784,Calgary,Alberta,Canada,50.9266,-113.9726,0,0,0,0,1,0,0,0,,0,0,0,0,0,0,1,0,0,0,0,0,0,0,0,0,
118481880475,Lilongwe,Central Region,Malawi,-13.9714,33.792,0,0,0,0,0,0,1,0,,0,0,0,1,0,0,0,0,0,0,0,0,0,0,0,0,
118481848813,,,,,,0,0,0,0,1,0,0,0,,0,0,0,0,0,0,0,0,0,0,0,0,0,0,1,0,
118481813159,,,,,,0,0,0,0,0,0,1,0,,0,0,0,0,0,0,0,0,0,0,0,0,1,0,0,0,
118481809930,Fujimicho,Tokyo,Japan,35.6627,139.5295,0,0,0,0,0,0,1,0,,0,0,0,0,0,0,0,0,1,0,0,0,0,0,0,0,
118481773619,,,,,,0,0,0,0,0,1,0,0,,0,0,0,0,0,0,0,0,1,0,0,0,0,0,0,0,
118481720829,,,,,,1,0,0,0,0,0,0,0,,0,0,0,0,0,1,0,0,0,0,0,0,0,0,0,0,
118481701477,,,,,,0,0,0,0,0,0,1,0,,0,0,1,0,0,0,0,0,0,0,0,0,0,0,0,0,
118481701335,,,,,,1,0,0,0,1,0,0,0,,0,0,0,0,0,0,0,0,1,0,0,0,0,0,0,0,
118481685226,,,,,,1,0,0,0,1,0,0,0,,0,0,0,0,0,0,0,0,1,0,0,0,0,0,0,0,
118481661831,Calgary,Alberta,Canada,51.0807,-113.9572,0,0,0,0,1,0,1,0,,0,0,0,0,0,0,0,0,0,0,0,0,0,0,0,0,engineering
118481641416,,,,,,0,0,0,0,1,0,0,0,,0,0,0,0,0,0,1,1,1,0,0,0,0,0,1,0,
118481634697,Toronto,Ontario,Canada,43.6638,-79.3999,0,0,0,0,0,0,1,0,,0,0,0,0,0,0,0,0,1,0,0,0,0,0,0,0,
118481622144,Stratford,Ontario,Canada,43.3679,-80.9523,0,0,0,0,1,0,0,0,,0,0,0,0,0,1,0,0,0,0,0,0,0,0,0,0,
118481601422,,,,,,0,0,0,0,0,0,0,0,,0,0,0,0,0,0,0,0,0,0,0,0,0,0,0,1,
118481597393,Calgary,Alberta,Canada,51.1564,-114.0566,0,0,0,0,1,0,0,0,,0,0,0,0,0,1,0,0,1,0,1,0,0,1,0,0,
118481595289,Ottawa,Ontario,Canada,45.4015,-75.7304,1,0,0,0,0,0,0,0,,0,0,0,0,0,1,0,0,0,0,0,0,0,0,0,0,
118481572749,,,,,,0,0,0,0,0,0,1,0,,0,0,0,0,0,0,0,0,1,0,0,0,0,0,0,0,
118481544305,,,,,,0,0,0,0,0,1,0,0,,0,1,0,0,1,0,1,0,1,0,1,0,0,0,1,0,
118481544250,Toronto,Ontario,Canada,43.709,-79.4057,1,0,0,0,0,1,0,1,,0,0,0,0,0,1,0,0,1,0,0,0,0,0,0,0,archaeology
118481538177,,,,,,1,0,0,0,0,0,0,0,,0,0,0,0,0,1,0,0,0,0,0,0,0,0,0,0,
118481527235,,,,,,0,0,0,0,0,0,0,0,historical researcher,0,1,0,0,0,0,0,0,1,1,1,1,0,0,0,0,
118481523903,Montreal,Quebec,Canada,45.5312,-73.5863,0,0,0,0,0,0,1,0,,0,0,0,0,0,0,0,0,1,0,0,0,0,0,0,0,
118481519686,,,,,,0,0,1,0,0,0,0,0,,0,0,0,0,0,0,0,0,0,0,0,0,0,0,0,0,
118481517907,Oromocto,New Brunswick,Canada,45.834,-66.4808,1,0,0,0,0,0,0,0,,0,1,0,0,0,0,0,0,0,0,0,0,0,0,0,0,
118481487071,,,,,,1,0,0,0,0,0,0,0,,0,0,0,0,0,1,0,0,0,0,0,0,0,0,0,0,
118481468695,,,,,,0,0,0,0,0,1,0,0,,0,0,0,0,0,0,0,0,1,0,0,0,0,0,0,0,
118481454537,Sydney,Nova Scotia,Canada,46.131,-60.1775,1,0,0,0,0,0,0,0,,0,0,0,0,0,1,0,0,1,0,1,0,0,0,0,0,
118481444581,,,,,,0,0,0,0,0,1,1,0,,0,0,0,0,0,0,1,0,1,0,0,0,0,0,0,0,
118481443213,London,Ontario,Canada,42.9979,-81.2602,0,0,0,0,0,1,0,0,,0,0,0,0,0,0,0,0,1,0,0,0,1,0,0,1,
118481437681,Columbus,Ohio,United States,40.0233,-83.0859,1,0,0,0,0,0,0,0,,0,0,0,0,0,1,0,0,0,0,0,0,0,0,0,0,
118481431383,Halifax,Nova Scotia,Canada,44.6814,-63.6571,0,0,0,0,0,0,0,0,art research,0,0,0,0,0,0,0,0,0,0,0,0,0,0,0,0,
118481426142,Bedford,Nova Scotia,Canada,44.7225,-63.6615,0,1,0,1,0,0,1,0,,0,0,0,0,0,0,0,0,0,0,0,0,1,0,0,0,
118481405952,Washington,District of Columbia,United States,38.894,-77.0365,0,0,0,1,0,0,0,0,,0,0,0,0,0,0,0,0,0,0,0,0,1,0,0,0,
118481404112,Abbotsford,British Columbia,Canada,49.041,-122.3423,0,0,0,0,0,0,0,0,graduate student,0,0,1,0,0,0,0,0,0,0,0,0,0,0,0,0,indigenous humanities
118481358971,Bethlehem,Pennsylvania,United States,40.5995,-75.3763,0,0,0,0,0,1,0,0,,0,0,1,0,0,0,0,0,0,0,0,0,0,0,0,0,
118481354856,,,,,,0,0,0,0,0,0,1,0,,0,0,0,1,0,0,0,0,0,0,0,0,0,0,0,0,
118481354503,Halifax,Nova Scotia,Canada,44.6283,-63.5928,0,0,0,0,0,0,1,0,,0,0,0,0,0,0,0,0,0,0,0,0,0,0,0,0,architecture
118481328583,,,,,,0,0,0,0,0,0,1,0,,0,0,0,1,0,0,0,0,0,0,0,0,0,0,0,0,
118481311091,Toronto,Ontario,Canada,43.6836,-79.3732,1,0,0,0,0,0,0,0,,0,0,0,0,0,0,0,0,1,0,0,0,0,0,0,0,
118481296866,Kamloops,British Columbia,Canada,50.7262,-120.1659,0,0,0,0,1,0,0,0,,0,0,0,0,0,1,0,0,0,0,0,0,0,0,0,0,
118481292663,,,,,,0,0,0,0,1,0,0,0,,0,0,0,0,0,0,0,0,1,0,0,0,0,0,0,0,
118481286773,,,,,,0,0,0,0,0,0,0,1,,0,0,0,0,0,0,0,0,0,0,0,0,0,0,0,0,
118481281693,,,,,,1,0,0,0,0,0,0,0,,0,0,0,0,0,1,0,0,0,0,0,0,0,0,0,0,
118481266974,,,,,,0,0,0,0,0,0,1,0,,0,0,0,0,0,0,1,0,0,1,1,0,0,0,1,0,
118481236813,Puerto Vallarta,Jalisco,Mexico,20.6707,-105.216,0,0,0,0,1,0,0,0,,0,0,0,0,0,0,0,0,1,0,0,0,0,0,0,0,
118481199464,,,,,,1,0,0,0,0,0,0,0,,0,0,1,0,0,0,0,0,1,0,0,0,0,0,0,0,remembrance & veterans
118481176000,Toronto,Ontario,Canada,43.648,-79.4141,0,0,0,0,0,0,0,0,heritage professional,0,0,0,0,0,1,1,0,1,0,0,0,0,0,0,0,
118481168463,,,,,,1,0,0,0,0,0,0,0,,0,0,0,0,0,1,0,0,1,0,0,0,0,0,0,0,
118481158460,Mississauga,Ontario,Canada,43.5898,-79.7599,0,0,0,0,0,0,0,0,municipal employee engaged in property and historical research.,0,0,0,0,0,1,0,0,1,1,1,0,0,0,0,0,
118481128768,,,,,,0,0,0,0,1,0,0,0,,0,0,0,0,0,0,0,0,1,0,0,0,0,0,0,0,
118481095424,Brighton,Ontario,Canada,44.0473,-77.7473,1,0,0,0,0,0,0,0,,0,0,0,0,0,0,0,0,1,0,0,0,0,0,0,0,
118481089158,,,,,,1,0,0,0,0,0,0,0,,0,0,0,0,0,1,0,0,0,0,0,0,0,0,0,0,
118481087302,Clinton,Connecticut,United States,41.3723,-72.5749,1,0,0,0,0,0,0,0,,0,0,0,0,0,1,0,0,0,0,0,0,0,0,0,0,
118481071385,,,,,,0,1,0,0,0,0,0,0,,0,0,0,0,0,0,0,0,1,0,0,0,0,0,0,0,
118481058670,Walkerton,Ontario,Canada,44.1353,-81.1466,1,0,0,0,0,0,0,0,,0,0,0,0,0,1,0,0,0,0,0,0,0,0,0,0,
118481032006,,,,,,0,0,0,1,0,0,0,0,,0,0,0,0,0,0,0,0,0,1,0,0,0,0,0,0,
118481018337,,,,,,0,0,0,1,0,0,0,0,,0,0,0,0,0,0,0,0,0,0,0,0,1,0,0,0,
118480952312,Laval,Quebec,Canada,45.5553,-73.7771,1,0,0,0,0,0,0,0,,0,0,0,0,0,1,0,0,0,0,0,0,0,0,0,0,
118480931678,,,,,,1,0,0,0,0,0,0,0,,0,0,0,0,0,1,0,0,0,0,0,0,0,0,0,0,
118480815749,,,,,,0,0,0,0,0,0,1,0,,0,0,1,0,0,0,0,0,0,0,0,0,0,0,0,0,
118480768550,,,,,,1,0,0,0,0,0,0,0,,0,0,0,0,0,0,0,0,1,0,0,0,0,0,0,0,
118480763231,Sarnia,Ontario,Canada,42.9915,-82.3596,1,0,0,0,1,1,0,0,history independent research ,0,0,0,0,0,1,1,0,1,1,1,0,1,0,1,0,just wanna say i love this site and plug it whenever i can. it changed my life. thank you
118480686858,Ottawa,Ontario,Canada,45.3829,-75.7652,1,0,0,0,0,0,0,0,,0,0,0,0,0,0,0,0,1,0,0,0,0,0,0,0,
118480667347,Williams Lake,British Columbia,Canada,52.1444,-122.144,0,0,0,0,0,0,0,0,forest history buff,0,0,0,0,0,0,0,0,0,0,0,0,0,0,0,0,douglas fir
118480666501,Saint-Lambert,Quebec,Canada,45.4859,-73.5033,0,0,0,0,0,0,0,0,historian,0,0,0,0,0,0,0,0,0,0,0,0,0,0,0,0,canadian history
118480649198,London,Ontario,Canada,43.0147,-81.3049,0,0,0,0,0,0,0,1,,0,0,0,0,0,0,0,0,0,0,0,0,0,0,0,0,
118480648995,,,,,,1,0,0,0,0,0,0,0,,0,0,0,0,0,1,0,0,0,0,0,0,0,0,0,0,
118480641714,,,,,,0,0,0,0,0,0,1,0,,0,0,0,0,0,0,0,0,0,0,1,0,0,0,0,0,
118480617081,,,,,,0,0,0,0,0,0,1,0,,1,1,0,0,0,0,0,0,0,0,0,1,0,1,0,0,
118480614526,,,,,,1,0,0,0,0,0,0,0,,0,0,0,0,0,1,0,0,1,0,0,0,0,0,0,0,
118480606219,Sevierville,Tennessee,United States,35.8687,-83.482,0,0,0,0,1,0,0,0,,0,0,0,0,0,0,0,0,1,0,0,0,0,0,0,0,
118480604054,Kingston,Ontario,Canada,44.2573,-76.473,1,0,0,0,0,0,0,0,,0,0,0,0,0,1,0,0,0,0,0,0,0,0,0,0,
118480593845,Vernon River,Prince Edward Island,Canada,46.2108,-62.8371,0,0,0,1,0,0,0,0,land surveyor,0,0,0,0,0,1,0,0,1,0,0,0,1,0,0,0,
118480589925,,,,,,0,0,0,0,0,0,1,0,,0,0,0,0,0,0,0,0,0,0,0,0,0,0,0,0,architecture
118480565995,Vancouver,British Columbia,Canada,49.2462,-123.108,0,1,0,0,0,0,0,0,,0,0,0,0,0,0,0,0,1,0,0,0,0,0,0,0,
118480564980,,,,,,0,0,0,0,0,0,1,0,,0,0,0,0,0,0,0,0,0,0,0,0,1,0,0,0,
118480551795,,,,,,1,0,0,0,0,0,0,0,,0,1,0,0,0,1,0,0,1,0,0,0,0,0,0,0,
118480548772,Ottawa,Ontario,Canada,45.3973,-75.6883,0,0,0,0,1,0,0,0,,0,0,0,0,0,0,0,0,1,1,1,0,0,0,0,0,
118480542613,,,,,,1,0,0,0,0,0,0,0,,0,0,0,0,0,1,0,0,0,0,0,0,0,0,0,0,
118480509951,Peterborough,Ontario,Canada,44.3538,-78.3251,0,0,0,0,0,0,1,0,,0,0,0,0,0,0,0,0,1,0,0,0,0,0,0,0,
118480505984,,,,,,0,0,0,0,1,0,0,0,,0,0,0,0,0,0,0,0,0,0,0,0,0,0,0,0,interior design
118480501307,,,,,,0,0,0,0,0,1,1,0,,0,0,0,1,1,0,0,0,1,0,1,0,0,1,1,0,
118480498914,Wallaceburg,Ontario,Canada,42.5921,-82.387,1,0,0,0,1,1,0,0,,0,0,0,0,0,1,0,0,1,0,0,0,0,0,0,0,
118480479133,Toronto,Ontario,Canada,43.725102,-79.402439,0,0,0,0,0,0,0,0,journalist,0,0,0,0,0,0,0,0,1,1,1,0,1,0,1,0,ottawa vally culture
118480477796,Brampton,Ontario,Canada,43.693,-79.8365,1,0,0,0,0,0,0,0,,0,0,0,0,0,1,0,0,0,0,0,0,0,0,0,0,
118480477549,Calgary,Alberta,Canada,51.0605,-114.1102,0,0,0,0,0,0,1,0,,0,0,0,0,0,0,0,0,0,0,1,0,0,0,0,0,
118480475971,Toronto,Ontario,Canada,43.6456,-79.4569,0,0,0,0,1,0,0,0,,0,0,0,0,0,0,0,0,1,0,0,0,0,0,0,0,
118480473137,Yarmouth,Nova Scotia,Canada,43.8302,-66.1168,0,0,0,0,1,0,0,0,,0,0,0,0,0,0,0,0,1,0,0,0,0,0,0,0,
118480469930,Victoria,British Columbia,Canada,48.4248,-123.3709,0,1,0,0,0,0,0,0,,0,1,0,0,0,0,0,0,1,0,0,0,0,0,0,0,
118480469781,,,,,,0,0,0,1,0,0,0,0,,0,0,0,0,0,0,0,0,0,0,0,0,1,0,0,0,
118480467390,,,,,,1,0,0,0,0,0,0,0,,0,0,0,0,0,0,0,0,0,0,0,0,0,0,0,0,
118480439656,,,,,,0,0,0,0,0,1,0,0,,0,0,0,0,0,0,0,0,1,0,0,0,0,0,0,0,
118480431011,,,,,,0,0,0,0,0,0,1,0,,0,0,0,0,0,0,0,0,1,0,0,0,0,0,0,0,
118480429907,Ottawa,Ontario,Canada,45.4259,-75.7058,0,1,0,0,0,0,0,0,,0,0,1,0,0,0,0,0,0,0,0,0,0,0,0,0,natural sciences
118480423013,Grimsby,Ontario,Canada,43.2001,-79.5663,0,0,0,0,1,0,0,0,,0,0,0,0,0,1,0,0,1,0,0,0,0,0,0,0,
118480416554,,,,,,1,0,0,0,0,0,0,0,,0,0,0,0,0,1,0,0,0,0,0,0,0,0,0,0,
118480413856,,,,,,0,1,1,0,0,0,0,0,,0,1,0,0,0,0,0,0,1,0,0,0,0,0,1,0,government information
118480408052,Lower Sackville,Nova Scotia,Canada,44.771,-63.6846,0,0,0,0,0,0,1,0,,0,0,0,0,0,0,0,0,0,0,0,0,0,0,0,0,anthropology
118480405777,,,,,,0,0,0,0,0,0,1,0,,0,0,0,0,0,0,0,0,1,0,0,0,0,0,0,0,
118480394452,Chatham,Ontario,Canada,42.4238,-82.1183,1,0,0,0,0,0,0,0,,0,0,0,0,0,0,0,0,1,0,0,0,0,0,0,0,
118480383491,Moncton,New Brunswick,Canada,46.0965,-64.8007,0,0,0,0,1,0,0,0,journalist ,0,0,0,0,0,0,0,0,1,0,0,0,0,0,0,0,
118480347952,,,,,,0,0,0,0,0,0,0,0,research manager,0,0,0,0,0,1,0,0,1,0,1,0,0,0,0,0,
118480343839,,,,,,0,0,0,0,0,0,0,0,historical society researcher,0,0,0,0,0,0,0,0,1,0,0,0,0,0,0,0,
118480334858,,,,,,0,0,0,0,0,0,1,0,,0,0,0,0,0,0,0,0,1,0,0,0,0,0,0,0,
118480285747,,,,,,0,0,0,1,0,0,0,0,,0,0,0,0,0,0,0,0,1,0,0,0,1,0,0,0,
118480252891,,,,,,0,0,0,0,0,0,1,0,,0,0,0,0,0,0,0,0,0,0,1,0,0,0,0,0,
118480252070,Toronto,Ontario,Canada,43.6639,-79.3916,1,1,0,0,0,0,0,0,,1,1,1,0,0,0,0,0,0,0,0,0,0,0,0,0,
118480241912,,,,,,0,0,0,0,0,0,1,0,,0,0,0,0,1,0,0,0,0,0,1,0,0,0,0,0,
118480237540,Waterloo,Ontario,Canada,43.474,-80.554,0,0,0,0,0,0,1,0,,0,0,0,0,0,0,0,0,0,0,0,0,0,0,0,0,
118480230806,,,,,,0,0,0,0,0,0,1,0,,0,0,1,0,1,0,0,0,1,1,1,0,0,0,1,0,
118480216808,London,Ontario,Canada,43.0147,-81.3049,0,0,0,0,0,1,0,0,,0,0,0,0,1,0,0,0,1,0,1,0,0,0,1,0,black history
118480189226,,,,,,0,0,0,0,0,1,0,0,,0,0,0,0,0,0,0,0,1,0,0,0,0,0,0,0,
118480185861,Calgary,Alberta,Canada,50.9266,-113.9726,0,1,0,0,0,1,0,0,,0,0,0,0,1,1,0,0,1,0,1,0,0,0,0,0,
118480169995,Toronto,Ontario,Canada,43.6694,-79.4018,0,0,0,0,0,1,0,0,,0,0,0,0,0,0,0,0,1,0,0,0,0,0,0,0,
118480144512,,,,,,0,0,0,1,0,0,1,0,,0,0,0,0,0,0,0,0,1,0,0,0,1,0,0,1,
118480130893,Providence,Rhode Island,United States,41.8233,-71.441,1,0,0,0,0,0,0,0,,0,0,0,0,0,1,0,0,0,0,0,0,0,0,0,0,
118480121335,Millbrook,Ontario,Canada,44.1545,-78.4603,0,0,0,0,1,0,0,0,,0,0,0,0,0,0,0,0,0,0,0,0,0,0,0,0,
118480107983,,,,,,0,0,0,0,1,0,0,0,,0,0,0,0,0,0,0,0,0,0,1,0,0,0,0,0,
118480043689,,,,,,0,0,0,0,0,0,0,0,i just enjoy the look into life,0,0,0,0,0,0,0,0,0,0,0,0,0,0,0,0,"again, just enjoy the look into life "
118479894903,,,,,,0,0,0,0,0,0,1,0,,0,0,0,0,0,0,1,0,0,0,0,0,0,0,0,0,
118479893810,,,,,,0,0,0,0,1,0,0,0,,0,0,0,0,0,1,0,0,0,0,0,0,0,0,0,0,
118479884045,,,,,,0,0,0,0,1,0,0,0,,0,0,0,0,0,0,0,0,0,0,0,0,1,0,0,0,
118479838528,Novalja,County of Lika-Senj,Croatia,44.5559,14.8816,0,0,0,0,0,0,0,0,,0,0,0,0,0,0,0,0,0,0,0,0,0,0,0,0,who
118479746651,St. Catharines,Ontario,Canada,43.1987,-79.2136,0,0,0,0,1,0,1,0,,0,0,0,0,0,0,1,0,0,0,0,0,0,0,0,0,
118479733415,Victoria,British Columbia,Canada,48.4471,-123.3018,1,0,0,0,0,0,0,0,,0,0,0,0,0,1,0,0,1,0,0,0,0,0,0,0,
118479709467,Toronto,Ontario,Canada,43.6653,-79.4343,0,0,0,0,0,0,1,0,,0,0,0,1,0,0,1,1,1,0,1,0,0,0,0,1,
118479702999,,,,,,1,0,0,0,1,0,0,0,,0,0,0,0,0,1,0,0,1,0,0,0,0,0,0,0,
118479686668,Ottawa,Ontario,Canada,45.3973,-75.6883,0,0,0,0,0,0,1,0,,0,0,0,0,0,0,0,0,1,0,0,0,0,0,0,0,
118479678002,Toronto,Ontario,Canada,43.6906,-79.4812,0,0,1,0,0,0,0,0,,0,0,0,0,0,0,0,0,0,0,1,0,0,1,0,1,
118479676626,,,,,,0,0,0,0,1,0,0,0,,0,0,0,0,0,0,0,0,0,0,0,0,0,0,0,0,
118479658508,Nanaimo,British Columbia,Canada,49.2114,-124.0201,1,0,0,0,0,0,0,0,,0,0,0,0,0,1,0,0,1,0,1,0,0,0,0,0,
118479652096,,,,,,0,0,0,0,0,0,0,1,,0,0,1,0,0,0,0,0,0,0,0,0,0,0,0,0,
118479650245,,,,,,0,0,0,0,0,0,1,0,,0,0,0,0,0,0,0,0,1,0,0,0,0,0,0,1,
118479645047,Listowel,Ontario,Canada,43.7341,-80.9464,0,0,0,0,1,0,0,0,,0,0,0,0,0,0,0,0,1,0,0,0,0,0,0,0,
118479614318,,,,,,0,0,0,0,1,1,0,0,,0,0,0,0,0,0,0,0,1,0,0,0,0,0,0,0,
118479599460,,,,,,0,0,0,0,1,0,0,0,,0,0,0,0,0,1,0,0,0,0,0,0,0,0,0,0,
118479576343,Ottawa,Ontario,Canada,45.4153,-75.6894,0,0,1,0,0,0,0,0,,0,0,0,0,0,0,0,0,0,0,0,0,0,0,0,0,
118479573907,,,,,,0,0,0,0,1,0,0,0,,0,0,0,0,0,0,0,0,0,0,0,0,0,0,0,0,"baseball leagues, hockey league and other sport leagues"
118479547952,Guelph,Ontario,Canada,43.5204,-80.2245,0,0,0,0,1,0,0,0,,0,0,0,0,0,0,0,0,1,0,0,0,0,0,0,0,
118479547771,,,,,,0,0,0,0,1,0,0,0,,0,0,0,0,0,1,0,0,0,0,0,0,0,0,0,0,
118479526785,,,,,,1,0,0,0,0,0,0,0,,0,0,0,0,0,0,0,0,0,0,0,0,1,0,0,0,
118479524740,Scarborough,Ontario,Canada,43.817,-79.2871,0,0,0,1,0,0,0,0,,0,0,0,0,0,0,0,0,0,0,0,0,1,0,0,0,
118479512878,Halifax,Nova Scotia,Canada,44.6643,-63.6002,0,0,1,0,0,0,0,0,,0,0,0,0,0,0,0,0,0,0,0,0,0,0,0,0,
118479485908,,,,,,0,0,0,0,0,1,0,0,,0,1,0,0,0,0,0,0,1,0,0,0,0,0,1,0,
118479485169,Mirabel,Quebec,Canada,45.6345,-74.1005,0,0,0,0,1,0,0,0,,0,0,0,0,0,0,1,0,1,0,0,0,0,0,0,0,
118479484288,Halifax,Nova Scotia,Canada,44.6814,-63.6571,0,0,0,0,0,0,1,0,,0,1,0,0,1,0,1,0,1,0,0,0,0,0,1,0,
118479484035,,,,,,0,0,0,0,0,1,0,0,,0,0,0,0,0,0,0,0,1,0,0,0,0,0,0,0,
118479465617,,,,,,0,1,0,0,0,0,0,0,,0,0,0,0,0,0,0,0,0,0,0,0,0,0,0,0,
118479459695,Toronto,Ontario,Canada,43.6589,-79.3874,0,1,0,1,0,0,0,0,,0,0,0,0,0,0,0,0,0,0,0,0,1,0,0,0,
118479449775,,,,,,0,0,0,0,0,0,1,0,,0,0,0,0,1,0,0,0,1,0,0,0,1,0,0,1,
118479432266,,,,,,1,0,0,0,0,0,0,0,,0,0,0,0,0,1,0,0,0,0,0,0,0,0,0,0,
118479431103,Windsor,Ontario,Canada,42.3071,-82.9446,1,0,0,0,1,0,0,0,,0,0,0,0,0,1,1,0,1,0,0,0,0,0,0,0,
118479422287,,,,,,0,0,0,0,1,0,0,0,amateur historian on angling,0,0,0,1,0,0,0,0,1,0,0,0,0,0,0,0,outdoor recreation
118479405328,,,,,,0,0,0,0,0,0,0,0,historian and editor,0,1,0,0,0,0,0,0,1,0,0,0,0,0,0,0,
118479404466,,,,,,1,0,0,0,0,0,0,0,,0,0,0,0,0,0,0,0,1,0,0,0,0,0,0,0,
118479397954,,,,,,0,0,0,0,0,0,1,0,,0,0,0,0,0,0,0,0,0,0,0,0,0,0,0,0,
118479396781,Calgary,Alberta,Canada,50.9899,-114.1574,0,0,0,0,0,0,1,0,,0,0,1,0,0,0,0,0,0,0,1,0,0,0,0,0,
118479396702,Toronto,Ontario,Canada,43.709,-79.4057,0,0,0,0,0,0,1,0,,1,0,1,0,0,0,1,0,1,0,0,0,0,0,0,0,
118479395012,Halifax,Nova Scotia,Canada,44.6643,-63.6002,0,0,0,0,0,0,1,0,,0,0,0,0,0,0,0,0,1,0,0,0,0,0,0,0,
118479353361,Kamloops,British Columbia,Canada,50.8869,-120.7357,0,0,0,0,0,0,1,0,,0,0,0,1,0,0,0,0,0,0,0,0,0,0,0,0,
118479335006,Walden,New York,United States,41.5603,-74.1745,0,1,0,0,0,0,0,0,,0,0,0,0,1,0,0,0,1,0,1,0,0,0,0,0,american revolution
118479334094,Winnipeg,Manitoba,Canada,49.8179,-97.1535,1,0,0,0,0,0,0,0,,0,0,0,0,0,1,0,0,0,0,0,0,0,0,0,0,
118479331671,,,,,,0,0,0,0,0,0,0,0,mother ,0,0,0,0,0,1,0,0,0,0,0,0,0,0,0,0,
118479322936,,,,,,0,0,0,0,1,0,0,0,,1,0,1,0,0,0,0,0,1,0,0,1,0,0,1,0,
118479309529,,,,,,0,1,0,0,0,0,0,0,,0,0,0,0,0,0,0,0,0,0,0,0,0,0,1,0,
118479308893,,,,,,0,0,0,0,0,1,1,0,,0,0,0,0,0,0,0,0,1,0,0,0,0,0,0,0,
118479297280,,,,,,0,0,0,0,1,0,0,0,,0,0,0,0,0,0,0,0,1,0,0,0,0,0,0,0,
118479297099,,,,,,1,0,0,0,0,0,0,0,,0,0,0,0,0,1,1,0,1,0,0,0,0,0,0,0,
118479296672,,,,,,0,1,0,0,0,0,0,0,,1,1,0,1,0,0,0,0,0,0,0,1,0,1,0,0,
118479293246,,,,,,0,0,0,0,0,1,0,0,,0,0,0,0,0,0,0,0,1,0,0,0,0,0,0,0,
118479285408,,,,,,0,1,0,0,0,0,0,0,,0,0,0,0,0,0,0,0,1,0,0,0,0,0,0,0,
118479268106,,,,,,1,0,0,0,0,0,0,0,,0,0,0,0,0,1,0,0,0,0,0,0,0,0,0,0,
118479261998,,,,,,0,0,0,0,0,1,0,1,,0,0,0,0,0,0,0,0,1,0,0,0,0,0,0,0,
118479237105,,,,,,1,0,0,0,0,0,0,0,,0,0,0,0,0,1,0,0,0,0,0,0,0,0,0,0,
118479205173,,,,,,0,0,0,0,0,0,1,0,,0,0,1,0,0,0,0,0,1,0,1,0,0,0,0,0,
118479184205,,,,,,0,0,0,0,0,0,0,0,archaeoloigist,0,0,0,0,0,1,0,0,1,1,0,0,0,0,0,0,
118479180710,,,,,,1,0,0,0,0,0,0,0,,0,0,0,0,0,1,0,0,0,0,0,0,0,0,0,0,
118479156166,,,,,,1,0,0,0,1,0,0,0,,0,0,0,0,0,1,1,0,1,0,0,0,0,0,0,0,
118479149995,,,,,,1,0,0,0,0,0,0,0,,0,0,0,0,0,0,0,0,0,0,0,0,0,0,0,0,
118479122501,,,,,,1,0,0,0,0,0,0,0,,0,0,0,0,0,1,0,0,0,0,0,0,0,0,0,0,
118479109275,,,,,,0,0,0,0,0,0,0,0,museum researcher,0,0,0,0,0,0,0,0,1,0,0,0,0,0,0,0,
118479093130,,,,,,0,0,0,0,0,1,1,0,,0,0,0,0,1,0,0,1,1,0,1,0,0,0,0,1,
118479091012,,,,,,1,0,0,0,0,0,0,0,,0,0,0,0,0,0,0,0,0,0,0,0,0,0,0,0,ethnic demography
118479085347,,,,,,0,0,0,0,0,0,1,0,,0,0,0,0,0,0,0,0,1,0,0,0,0,1,1,0,
118479081618,,,,,,1,0,1,0,1,0,0,0,,0,0,0,0,0,1,0,0,1,0,0,1,0,0,0,0,
118479057186,,,,,,0,0,0,0,0,1,1,1,,0,0,1,0,0,1,0,0,1,0,0,0,0,0,0,0,
118479051022,,,,,,0,0,0,0,1,0,0,0,,0,0,0,0,0,0,0,0,0,0,0,0,0,0,0,1,
118479041569,,,,,,1,0,0,0,0,0,0,0,,0,0,0,0,0,0,0,0,0,0,0,0,0,0,0,0,
118478996155,,,,,,0,0,0,0,1,0,0,0,,0,0,0,0,0,1,0,0,0,0,0,0,0,0,0,0,
118478948574,,,,,,0,0,0,0,1,0,0,0,,0,0,0,0,0,0,0,1,0,0,0,0,0,0,0,0,
118478921421,,,,,,1,0,0,0,1,0,0,0,,0,0,0,0,0,1,0,0,0,0,0,0,0,0,0,0,
118478903830,,,,,,0,0,0,0,1,0,0,0,,0,0,0,0,0,0,0,0,1,0,0,0,0,0,0,0,
118478901842,,,,,,0,0,0,0,0,0,1,0,,0,0,0,0,0,0,0,0,0,0,1,0,0,0,0,0,
118478900378,,,,,,0,0,0,0,0,1,0,0,,0,0,1,0,0,0,0,0,1,0,0,0,0,0,0,0,
118478885005,,,,,,0,0,0,0,0,0,1,0,,0,0,0,0,0,0,0,0,1,0,0,0,0,0,0,0,
118478877448,,,,,,0,0,0,0,0,0,1,0,,0,0,0,0,0,0,0,0,1,0,0,0,0,0,0,0,
118478872824,,,,,,0,0,0,0,0,1,0,0,maritime historian ,0,0,0,0,0,0,0,0,1,0,0,0,0,0,0,0,
118478869361,,,,,,1,0,0,0,0,0,0,0,,0,0,0,0,0,1,0,0,1,0,0,0,0,0,0,0,
118478868037,,,,,,0,0,0,0,0,0,1,0,,0,0,0,0,0,0,0,1,0,0,0,0,0,0,0,0,
118478866390,,,,,,1,0,0,0,0,0,0,0,,0,0,0,0,0,1,0,0,0,0,0,0,0,0,0,0,
118478865697,,,,,,0,0,0,0,1,0,0,0,,0,0,0,0,0,1,0,0,1,0,0,0,0,0,0,0,
118478858821,,,,,,1,0,0,0,0,0,0,0,,0,0,0,0,0,0,0,0,0,0,0,0,0,0,0,0,
118478850018,,,,,,1,0,0,0,0,0,0,0,,0,0,0,0,0,1,0,0,0,0,0,0,0,0,0,0,
118478848869,,,,,,1,0,0,0,0,0,0,0,,0,0,0,0,0,1,0,0,0,0,0,0,0,0,0,0,
118478843083,,,,,,1,0,0,0,1,0,0,0,,0,0,0,0,0,1,0,0,0,0,0,0,0,0,0,0,
118478836486,,,,,,0,0,0,0,0,0,1,0,,0,0,0,0,0,0,0,0,0,0,0,0,0,0,0,0,
118478829819,,,,,,0,0,0,0,0,0,1,0,,0,0,0,0,0,0,0,0,1,0,0,0,0,0,0,0,
118478829563,,,,,,0,0,0,0,0,0,1,0,,0,0,0,0,0,0,0,0,1,0,0,0,0,0,0,0,anthropology/archaeology
118478820010,,,,,,1,0,0,0,0,0,0,0,,0,0,0,0,0,1,0,0,0,0,0,0,0,0,0,0,
118478816735,,,,,,1,0,0,0,0,0,0,0,,0,0,0,0,0,1,0,0,0,0,0,0,0,0,0,0,
118478812304,,,,,,0,0,0,0,1,0,0,0,,0,0,0,0,0,0,0,0,1,0,0,0,0,0,0,0,
118478812090,,,,,,0,0,0,0,1,0,0,0,,0,0,0,0,0,0,0,0,1,0,0,0,0,0,0,0,
118478805869,,,,,,1,0,0,0,0,1,0,0,,0,0,0,0,0,1,0,0,1,0,0,0,0,0,0,0,
118478804898,,,,,,0,0,0,0,0,1,0,1,,0,0,0,1,0,0,0,0,1,0,0,0,0,0,0,0,
118478795363,,,,,,0,0,0,0,1,0,0,0,,0,0,0,0,0,1,0,0,0,0,0,0,0,0,0,0,
118478791236,,,,,,1,0,0,0,0,0,0,0,,0,0,0,0,0,1,0,0,0,0,0,0,0,0,0,0,
118478790599,,,,,,0,0,0,0,0,0,0,1,,0,0,0,0,0,1,0,1,1,0,0,0,0,0,0,0,
118478781843,,,,,,0,0,0,0,0,0,0,0,museum volunteer research,0,0,0,0,0,0,0,0,1,0,1,0,0,0,0,0,
118478780294,,,,,,0,0,0,0,1,0,0,0,,0,0,0,0,0,0,0,0,1,0,0,0,0,0,0,0,
118478769773,,,,,,1,0,0,0,0,0,0,0,,0,0,0,0,0,1,0,0,1,0,0,0,0,0,0,0,
118478768176,,,,,,0,0,0,0,0,0,1,0,phd student,0,0,0,0,0,0,0,0,1,0,0,0,0,0,0,0,
118478767342,,,,,,0,0,0,1,0,0,0,0,,0,0,0,0,0,1,0,1,1,0,0,0,0,0,0,0,
118478766535,,,,,,0,0,0,0,0,0,1,0,,0,0,0,0,0,0,0,0,1,0,0,0,0,0,0,0,
118478766341,,,,,,1,0,0,0,0,0,0,0,individual researching family history.,0,0,0,0,0,1,0,0,0,0,0,0,0,0,0,0,
118478752971,,,,,,0,0,0,0,0,0,1,0,,0,0,0,0,0,0,0,0,0,0,0,0,0,0,0,0,archives
118478752455,,,,,,0,0,0,0,1,0,0,0,,0,0,0,0,0,0,0,0,1,0,0,0,0,0,0,0,
118478751643,,,,,,0,0,0,0,0,0,1,0,,0,0,0,0,0,0,0,0,0,0,1,0,0,0,0,0,
118478749141,,,,,,0,0,0,0,0,0,1,0,,0,0,0,0,0,0,0,0,1,0,1,0,1,0,0,1,
118478748349,,,,,,0,0,0,0,1,0,0,0,,0,0,0,0,0,0,0,0,1,0,0,0,0,0,0,0,
118478745128,,,,,,0,0,0,0,1,0,0,0,,0,0,0,0,0,1,0,0,1,0,0,0,0,0,0,0,
118478744250,,,,,,0,0,0,0,0,0,1,0,,0,0,0,0,0,0,0,0,1,0,0,0,0,0,0,0,
118478744044,,,,,,0,0,0,0,1,0,0,0,,0,0,0,0,0,1,0,0,1,0,0,0,0,0,0,0,
118478743439,,,,,,0,0,0,0,0,0,1,0,,0,0,0,0,0,0,0,0,0,0,0,0,1,0,0,0,
118478728462,,,,,,0,0,0,0,1,0,0,0,,0,0,0,0,0,0,0,0,0,1,1,0,0,0,0,0,
118478723036,,,,,,0,0,0,0,0,0,0,0,cinematographer,0,0,0,0,0,0,0,0,1,0,0,0,0,0,0,0,
118478720858,,,,,,0,0,0,0,0,1,0,0,,0,0,0,0,0,0,0,0,1,0,0,0,0,0,0,0,
118478710903,,,,,,0,0,0,0,0,0,0,0,historical  researcher,0,0,0,0,0,0,0,0,1,0,0,0,0,0,0,0,
118478710824,,,,,,0,1,0,0,0,0,0,0,,0,0,0,0,0,0,0,0,1,0,0,0,0,0,0,0,
118478707058,,,,,,0,0,0,0,0,0,1,0,,0,0,1,0,0,0,0,0,0,0,0,0,0,0,0,0,
118478697095,,,,,,0,0,0,0,1,0,0,0,,0,0,0,0,0,0,0,0,1,0,0,0,0,0,0,0,
118478696247,,,,,,0,0,0,1,0,0,1,0,,0,0,0,0,0,0,0,0,1,0,0,0,1,0,1,0,
118478680086,,,,,,0,0,0,0,0,0,1,0,,0,0,0,0,0,0,0,0,1,0,0,0,0,0,0,0,
118478679147,,,,,,1,0,0,0,0,0,0,0,,0,1,1,1,0,1,1,0,1,0,0,0,0,1,0,0,
118478678718,,,,,,0,0,0,0,1,0,0,0,,1,0,0,0,0,0,0,0,1,0,0,0,0,0,0,0,
118478674460,,,,,,1,0,0,0,0,0,0,0,,0,0,0,0,0,1,0,0,0,0,0,0,0,0,0,0,
118478667255,,,,,,1,1,0,0,1,0,0,0,author,0,0,0,0,0,0,0,0,1,0,1,0,0,0,0,0,seven years war
118478663872,,,,,,0,0,0,0,1,0,0,0,,0,0,0,0,0,0,0,0,0,0,0,0,0,0,0,0,
118478657323,,,,,,0,0,0,0,1,0,0,0,,0,0,0,0,0,0,0,0,1,0,0,0,0,0,0,0,
118478645270,,,,,,0,0,0,0,1,0,0,0,,0,0,0,0,0,1,1,0,1,0,0,0,0,0,0,0,
118478643726,,,,,,1,0,0,0,0,0,0,0,,0,0,0,0,0,1,0,0,0,0,0,0,0,0,0,0,
118478643072,,,,,,0,0,0,0,0,0,0,0,historical consultant,0,0,0,0,0,0,0,0,1,0,0,0,0,0,0,0,
118478636356,,,,,,1,0,0,0,0,0,0,0,,0,0,0,0,0,1,0,0,1,0,0,0,0,0,0,0,
118478628064,,,,,,0,0,0,0,0,0,1,0,,0,0,0,0,0,0,0,0,1,0,0,0,0,0,0,0,
118478620346,,,,,,0,0,0,0,1,0,0,0,,0,0,0,0,0,1,0,0,0,0,0,0,0,0,0,0,
118478618766,,,,,,0,0,0,0,0,1,0,0,,0,0,0,0,0,0,0,0,1,0,0,0,0,0,1,0,
118478604111,,,,,,0,0,0,0,1,0,0,0,,0,0,0,0,0,0,0,0,0,0,0,0,0,0,0,0,
118478584502,,,,,,1,0,0,0,0,0,0,0,,0,0,0,0,0,1,1,0,1,0,1,0,0,0,0,1,
118478562174,,,,,,0,0,0,0,0,1,0,0,,0,0,1,0,0,0,1,0,1,0,0,0,0,0,0,0,
118478554198,,,,,,1,0,0,0,1,0,0,0,,0,0,0,0,0,1,0,0,1,1,0,0,0,0,0,0,
118478537138,,,,,,1,0,0,0,0,0,0,0,,0,0,1,0,0,1,0,0,0,0,0,0,0,0,0,0,
118478523802,,,,,,0,0,0,0,0,0,0,0,,1,0,0,0,0,0,0,0,0,0,0,0,0,0,0,0,
118478515409,,,,,,0,0,0,0,0,1,0,0,,0,0,0,0,0,0,0,0,0,0,0,0,0,0,1,0,
118478515092,,,,,,0,0,0,0,1,0,0,0,,0,0,0,0,0,0,1,1,1,0,0,0,0,0,0,0,
118478514464,,,,,,1,0,0,0,0,0,0,1,,0,1,0,0,0,1,0,0,1,0,0,1,0,0,0,0,
118478511836,,,,,,0,0,0,0,0,0,1,0,,0,0,0,0,0,0,0,0,1,0,0,0,0,0,0,0,
118478507624,,,,,,1,0,0,0,0,0,1,0,,0,0,1,0,0,0,0,0,0,0,0,0,0,0,0,0,
118478502316,,,,,,0,0,0,0,1,0,0,0,,1,0,1,1,0,0,0,0,0,0,0,1,0,0,0,0,
118478499612,,,,,,0,0,0,0,1,0,0,0,,0,0,0,0,0,0,0,1,0,0,0,0,0,0,0,0,
118478495970,,,,,,1,0,0,0,0,0,0,0,,0,0,0,0,0,1,0,0,0,0,0,0,0,0,0,0,
118478491749,,,,,,0,0,0,0,0,0,1,0,,0,0,0,0,0,0,0,0,1,0,0,0,0,0,0,0,
118478488171,,,,,,0,0,0,0,1,0,0,0,,0,0,0,0,0,0,0,0,1,0,0,0,0,0,0,0,
118478488092,,,,,,0,0,1,0,1,0,1,1,,0,0,1,0,0,0,0,0,0,0,0,0,0,0,0,0,
118478479673,,,,,,0,0,0,0,0,0,1,0,,0,0,0,0,0,0,0,0,0,0,0,0,0,0,0,1,
118478478452,,,,,,1,0,0,0,1,0,0,0,,0,0,0,0,0,0,0,0,0,0,0,0,0,0,0,0,wildlife
118478470607,,,,,,0,0,0,0,0,1,0,0,,0,0,0,0,0,0,0,0,0,0,0,0,0,0,0,1,
118478469307,,,,,,0,0,0,1,0,0,0,0,,0,0,0,0,0,0,0,0,0,1,1,0,0,0,0,0,
118478465336,,,,,,0,0,0,0,0,0,1,0,,0,0,0,0,0,0,0,0,1,0,0,0,0,0,0,0,
118478463987,,,,,,0,1,0,0,0,0,0,0,,0,1,1,1,1,1,0,1,1,1,1,1,0,0,1,0,
118478463702,,,,,,0,0,0,0,0,1,0,0,,0,0,0,0,0,0,0,0,1,0,0,0,0,0,0,0,
118478462155,,,,,,1,0,0,0,0,0,0,0,,1,1,0,0,0,1,0,0,1,0,0,0,1,0,0,0,
118478457442,,,,,,0,0,0,0,1,0,0,0,,0,0,0,0,0,0,1,0,0,0,0,0,0,0,0,0,
118478450559,,,,,,0,0,0,0,1,0,0,0,,0,0,0,0,0,0,0,0,1,0,0,0,0,0,0,0,
118478449893,,,,,,1,0,0,0,0,0,0,0,,0,0,0,0,0,1,0,0,0,0,0,0,0,0,0,0,
118478443133,,,,,,0,0,0,0,0,0,1,0,,0,0,0,0,0,0,0,0,0,0,0,0,1,0,1,0,
118478433166,,,,,,0,1,0,0,0,0,0,1,,0,0,1,0,0,0,0,0,0,0,0,0,0,0,0,0,
118478429795,,,,,,0,0,0,0,1,0,0,0,,0,0,0,0,0,1,0,0,0,0,0,0,0,0,0,0,
118478429517,,,,,,0,0,0,0,0,0,0,0,historian,0,0,0,0,0,0,0,0,1,0,0,0,0,0,0,0,
118478426144,,,,,,1,0,0,0,1,0,0,0,,0,0,0,0,0,0,0,0,1,0,0,0,0,0,0,0,
118478413279,,,,,,0,0,0,0,1,0,0,0,,1,0,0,0,0,0,0,0,0,0,0,0,0,0,0,0,
118478408453,,,,,,0,0,0,0,0,0,1,0,,0,0,0,0,0,0,0,0,0,0,0,0,0,1,0,0,
118478405578,,,,,,0,0,0,0,1,0,0,0,,0,0,0,0,0,0,1,0,1,0,0,0,0,0,0,0,
118478399799,,,,,,0,0,0,0,0,0,1,0,,0,0,0,0,0,0,0,0,1,0,0,0,0,0,0,0,
118478397121,,,,,,0,0,0,0,0,0,1,0,,0,0,0,0,0,0,0,0,1,0,0,0,0,0,0,0,
118478392654,,,,,,0,0,0,0,1,0,0,0,,0,0,0,0,0,0,0,0,1,0,0,0,0,0,0,0,
118478391378,,,,,,1,0,0,0,0,0,0,0,,1,0,0,0,0,1,0,0,1,0,0,0,0,0,0,0,
118478385322,,,,,,1,0,0,0,1,0,0,0,blogger,0,0,0,0,0,0,0,0,1,0,0,0,0,0,0,0,
118478384621,,,,,,0,0,0,0,1,0,0,0,,1,0,0,0,0,1,1,0,1,0,0,1,0,0,0,0,
118478378843,,,,,,1,0,0,0,0,0,0,0,,0,0,0,0,0,1,0,0,0,0,0,0,0,0,0,0,
118478372836,,,,,,0,0,0,0,1,0,0,0,,0,0,0,0,0,1,0,0,1,0,0,0,0,0,0,0,
118478352385,,,,,,0,0,0,0,1,0,0,0,,0,0,0,0,0,0,0,0,1,0,0,0,0,0,1,0,
118478349451,,,,,,0,0,0,0,0,0,1,0,,0,0,0,0,0,0,0,0,0,0,0,0,0,0,0,0,
118478347397,,,,,,0,0,0,0,1,0,0,0,,0,0,0,0,0,1,0,0,1,0,1,0,1,0,0,0,
118478342022,,,,,,1,0,0,0,1,0,0,0,,0,0,0,0,0,1,0,0,0,0,0,0,0,0,0,0,
118478335075,,,,,,0,0,0,0,0,0,0,1,,0,0,0,0,0,0,0,0,0,0,0,0,0,0,0,0,
118478332949,,,,,,0,0,0,0,1,0,1,0,,1,0,0,0,0,0,0,0,1,0,1,0,0,0,0,0,
118478318473,,,,,,0,0,0,0,1,0,0,0,,0,0,0,0,0,0,0,1,0,0,0,0,0,0,0,0,
118478318171,,,,,,0,0,0,0,1,0,0,0,,0,0,0,0,0,1,1,0,1,0,0,0,0,0,0,0,
118478309791,,,,,,0,1,0,0,0,1,0,0,,0,0,0,0,1,1,0,0,1,0,1,0,0,0,0,0,
118478303590,,,,,,0,0,0,0,1,0,0,0,"u.s. based,researcher ",0,0,0,0,0,0,0,0,1,0,1,0,0,0,0,0,john honeyman- spy for washington at trenton
118478302115,,,,,,0,0,0,0,1,0,0,0,,1,0,0,1,0,1,0,0,1,0,0,0,0,0,0,0,
118478298660,,,,,,1,0,0,0,1,0,0,0,,0,0,0,0,0,1,1,0,1,0,0,0,0,0,0,0,
118478291840,,,,,,0,0,0,0,1,0,0,0,,0,0,0,0,0,0,1,0,1,0,0,0,0,0,0,0,
118478264355,,,,,,1,0,0,0,0,0,0,0,,0,0,0,0,0,1,0,0,1,0,0,0,0,0,0,0,
118478257174,,,,,,0,0,0,0,0,0,0,0,,0,0,0,0,0,0,0,0,0,0,0,0,0,0,0,1,
118478248900,,,,,,0,0,0,0,0,0,1,0,,0,0,0,1,0,0,0,0,0,0,0,0,1,0,0,0,
118478248230,,,,,,0,0,0,0,1,0,0,0,,0,0,0,0,0,0,0,0,1,0,0,0,0,0,0,0,
118478188153,,,,,,1,0,0,0,0,0,0,0,,0,0,0,0,1,1,0,0,1,0,0,0,0,0,0,0,
118478187790,,,,,,0,0,0,0,1,0,0,0,,0,0,0,0,0,0,0,0,1,0,0,0,0,0,0,0,
118478187746,,,,,,1,0,0,0,0,0,0,0,,0,0,0,0,0,1,1,0,1,0,0,0,1,0,0,1,
118478173076,,,,,,0,0,0,0,1,1,0,0,historian,0,0,0,0,0,0,0,0,1,0,0,0,0,0,0,0,
118478173032,,,,,,0,0,0,0,1,0,0,0,,0,0,0,0,0,0,0,0,1,0,0,0,1,0,0,0,
118478155651,,,,,,0,0,0,0,1,0,0,0,,0,0,0,0,0,1,0,0,0,0,0,0,0,0,0,0,
118478155219,,,,,,1,0,0,0,0,0,0,0,,0,0,0,0,0,1,0,0,0,0,0,0,0,0,0,0,
118478153244,,,,,,1,0,0,0,0,0,0,0,,0,0,0,0,0,1,0,0,0,0,0,0,0,0,0,0,
118478152814,,,,,,0,0,0,0,1,0,0,0,,0,0,0,0,0,1,0,0,1,0,1,0,0,0,0,0,
118478149976,,,,,,0,0,0,0,0,0,0,0,,0,0,0,0,0,1,0,0,1,0,0,0,0,0,0,0,
118478144263,,,,,,0,0,0,0,1,0,0,0,,0,0,0,0,0,0,0,0,1,0,0,0,0,0,0,0,
118478140401,,,,,,0,0,0,0,1,0,0,0,,0,0,0,0,0,1,0,0,0,0,0,0,0,0,0,0,
118478134839,,,,,,0,1,0,0,0,0,0,0,,0,0,0,0,0,0,0,0,1,0,0,0,0,0,0,0,
118478118771,,,,,,0,0,0,0,0,0,0,0,research consultant,0,0,0,0,0,0,0,0,1,0,0,0,0,0,0,0,
118478111359,,,,,,1,0,0,0,1,0,0,0,,0,0,0,0,0,1,1,0,1,0,0,0,0,0,0,0,
118478100509,,,,,,0,0,0,0,0,0,0,0,i work at a university,0,0,0,0,0,0,0,1,1,0,0,0,1,0,1,0,
118478094807,,,,,,1,0,0,0,0,0,0,0,,0,0,0,0,0,1,0,0,0,0,0,0,0,0,0,0,
118478081421,,,,,,0,0,0,0,0,1,0,0,,0,0,0,0,0,0,0,0,0,0,1,0,0,0,0,0,
118478081381,,,,,,0,0,0,0,1,0,0,0,,0,0,0,0,0,1,0,0,1,0,0,0,0,0,0,0,
118478053872,,,,,,1,0,0,0,0,0,0,0,,0,0,0,0,0,1,0,0,0,0,0,0,0,0,0,0,
118478036312,,,,,,0,0,0,0,0,0,1,0,,0,0,0,0,0,0,0,0,1,0,0,0,0,0,0,0,
118478034992,,,,,,1,0,0,0,0,0,0,0,,0,0,0,0,0,1,0,0,0,0,0,0,0,0,0,0,
118478025960,,,,,,0,0,0,0,1,0,0,0,,0,0,0,0,0,0,0,0,1,0,0,0,0,0,0,0,railway history
118478025140,,,,,,1,0,0,0,0,0,0,0,,0,0,0,0,0,1,0,0,1,0,0,0,0,0,0,0,
118478020410,,,,,,0,0,1,0,0,0,0,0,,0,0,0,1,0,0,0,0,1,0,1,0,0,1,1,0,
118478017968,,,,,,1,0,0,0,0,0,0,0,,0,0,0,0,0,1,0,0,0,0,0,0,0,0,0,0,
118478017590,,,,,,1,0,0,0,0,0,0,0,,0,0,0,0,0,1,0,0,1,0,0,0,0,0,0,0,
118478015288,,,,,,0,1,0,0,0,0,0,0,,0,0,0,0,0,1,0,0,0,0,0,0,0,0,0,0,
118478013282,,,,,,0,1,0,0,0,0,0,0,,0,0,0,0,0,0,0,0,1,0,0,0,1,0,0,0,
118478004171,,,,,,0,0,0,1,0,0,0,0,,0,0,0,0,0,0,0,0,0,0,1,0,0,0,0,1,
118478002278,,,,,,1,0,0,0,0,0,0,0,,0,0,0,0,0,1,0,0,1,0,0,0,0,0,0,0,
118478001215,,,,,,0,0,0,0,0,0,0,0,museum volunteer,0,0,0,0,0,0,0,0,0,0,0,1,0,0,0,0,
118477999369,,,,,,0,0,0,0,1,0,0,0,professional land surveyor,0,0,0,0,0,0,0,0,1,1,1,0,1,0,0,0,
118477985846,,,,,,0,0,0,0,0,0,1,0,,0,0,0,0,0,0,0,0,1,0,0,0,0,0,0,0,
118477984199,,,,,,0,1,0,0,0,0,0,0,,0,0,0,0,0,0,0,0,1,0,0,0,0,0,0,0,
118477976542,,,,,,1,0,0,0,0,0,0,0,,0,0,0,0,0,0,0,0,0,0,0,0,0,0,0,0,
118477975032,,,,,,0,0,0,0,1,0,0,0,,0,0,0,0,0,0,0,0,1,0,0,0,0,0,0,0,
118477970630,,,,,,0,0,0,0,1,0,0,0,,0,0,0,0,0,0,0,0,1,0,0,0,0,0,0,0,
118477969306,,,,,,0,0,0,0,0,0,1,0,,0,0,1,0,0,0,0,0,0,0,0,0,0,0,0,0,
118477968497,,,,,,0,0,0,1,0,0,0,0,,0,0,0,0,0,0,0,0,0,1,0,0,0,0,0,0,
118477961173,,,,,,1,0,0,0,0,0,0,0,,0,0,0,0,0,1,0,0,0,0,0,0,0,0,0,0,
118477956633,,,,,,0,0,0,0,1,0,0,0,,0,0,0,0,0,0,0,0,1,0,0,0,0,0,0,0,
118477954509,,,,,,0,0,0,0,0,0,1,0,,0,0,0,0,0,0,0,0,0,0,1,0,0,0,0,0,
118477953932,,,,,,1,0,0,0,0,0,0,0,,0,0,0,0,0,0,0,0,0,0,1,0,0,0,0,0,
118477953691,,,,,,1,0,0,0,0,0,0,0,,0,0,0,0,0,1,0,0,0,0,0,0,0,0,0,0,
118477927269,,,,,,0,0,1,0,0,0,0,0,,0,0,0,0,0,0,0,0,0,0,0,0,1,0,0,0,
118477924684,,,,,,1,0,0,0,0,0,0,0,,0,0,0,0,0,0,1,0,0,0,0,0,0,0,0,0,
118477915718,,,,,,0,0,0,1,0,0,0,0,,0,0,0,0,0,0,0,0,0,0,0,0,1,0,0,0,
118477906753,,,,,,0,1,0,0,0,0,0,0,,0,0,0,0,0,0,0,0,0,0,0,1,0,0,0,0,
118477899597,,,,,,0,0,0,0,1,0,0,0,,0,0,0,0,0,0,0,0,1,0,0,0,0,0,0,0,
118477892480,,,,,,1,0,0,0,0,0,0,0,,0,0,0,0,0,1,0,0,0,0,0,0,0,0,0,0,
118477885369,,,,,,0,0,0,0,0,0,1,0,,0,0,0,0,0,0,0,0,0,0,0,0,0,0,0,0,psychotherapy and theology
118477884121,,,,,,0,0,0,0,0,0,0,0,retired history professor,0,0,0,0,0,0,0,0,1,0,0,0,1,0,0,0,
118477869718,,,,,,1,0,0,0,1,0,0,0,volunteer house history researcher,0,0,0,1,0,1,0,0,1,0,0,0,0,0,0,0,
118477862888,,,,,,0,0,0,0,0,0,0,1,,0,0,0,0,0,0,0,0,0,0,0,0,0,0,0,0,
118477858864,,,,,,0,1,0,0,0,0,0,0,,0,0,0,0,1,0,0,0,0,0,1,0,0,0,0,0,library and information studies
118477850344,,,,,,1,0,0,0,1,0,0,0,,0,0,1,0,0,0,0,0,1,0,0,0,0,0,0,0,
118477814549,,,,,,1,0,0,0,1,0,0,0,,0,0,0,0,0,1,0,0,1,0,0,0,0,0,0,0,
118477796299,,,,,,0,0,0,1,0,0,0,0,,0,0,0,0,0,0,0,0,1,1,0,0,0,0,0,0,
118477793644,,,,,,0,0,0,0,1,0,0,0,,0,0,0,0,0,0,0,0,1,0,0,0,0,0,0,0,researching canadian soldiers. 
118477771611,,,,,,1,0,0,0,0,0,0,0,,0,0,0,0,0,0,0,0,0,0,0,0,0,0,0,0,
118477749325,,,,,,1,0,0,0,0,0,0,0,,0,0,0,0,0,0,0,0,0,0,1,0,0,0,0,0,
118477714865,,,,,,1,0,0,0,1,0,0,0,,0,0,0,0,0,1,0,0,1,0,0,0,0,0,0,0,
118477707045,,,,,,0,0,0,0,0,1,0,0,,0,0,0,0,0,0,0,0,1,0,0,0,0,0,0,0,youth studies
118477691391,,,,,,0,1,0,0,0,0,0,0,,0,0,0,0,0,0,0,0,0,0,0,0,0,0,0,0,all
118477636239,,,,,,1,0,0,0,0,0,0,0,,0,0,0,0,0,0,0,0,1,0,0,0,0,0,0,0,british home children
118477629442,,,,,,1,0,0,0,0,0,0,0,,0,0,0,0,0,1,1,0,1,0,0,0,1,0,0,1,
118477601483,,,,,,0,0,0,0,0,0,1,0,,0,0,0,1,0,0,1,0,0,0,0,0,0,0,0,0,
118477588425,,,,,,0,0,0,0,0,0,1,0,,0,0,0,0,0,0,0,0,0,0,0,0,1,0,0,0,
118477587312,,,,,,0,0,0,0,1,0,0,0,,0,0,0,0,0,0,0,0,1,0,0,0,0,0,1,0,
118477550522,,,,,,1,0,0,0,0,0,0,0,historical fiction writer,0,0,0,0,0,1,0,0,1,0,0,0,0,0,1,0,
118477544653,,,,,,0,0,0,0,1,0,0,0,,0,0,0,0,0,0,0,0,1,0,0,0,0,0,0,0,
118477540097,,,,,,0,0,0,0,0,0,0,0,immigrant,0,0,0,0,0,0,0,0,1,0,0,0,0,0,0,0,
118477538767,,,,,,0,0,0,0,0,0,1,0,,0,0,0,0,0,0,0,0,0,0,0,0,0,0,0,1,
118477535896,,,,,,0,0,0,0,0,1,1,0,,0,0,0,0,1,0,0,0,1,0,0,0,0,0,1,0,
118477534719,,,,,,1,0,0,0,1,0,0,0,,0,0,0,0,0,1,0,0,1,0,0,0,0,0,0,0,
118477533812,,,,,,1,0,0,0,0,0,0,0,,0,0,1,0,0,1,0,0,1,0,0,0,0,0,0,0,
118477533710,,,,,,1,0,0,0,0,0,0,0,,0,0,1,0,0,1,0,0,1,0,0,0,0,0,0,0,
118477530736,,,,,,1,0,0,0,1,1,0,0,historian,0,0,0,0,0,0,0,0,1,0,0,0,0,0,0,1,
118477525389,,,,,,1,0,0,1,1,0,0,0,,0,0,0,0,0,1,1,1,1,0,0,0,1,0,0,1,
118477520576,,,,,,1,0,0,0,0,0,0,0,,0,0,0,0,0,1,0,0,1,0,0,0,0,0,0,0,
118477515992,,,,,,0,0,0,0,0,0,1,0,,0,0,0,0,0,0,0,0,0,0,0,0,0,0,0,0,
118477508274,,,,,,0,0,0,0,0,1,0,0,,0,0,0,0,0,0,0,0,0,0,1,0,0,0,0,0,
118477502622,,,,,,1,0,0,0,0,0,0,0,,0,0,0,0,0,0,0,0,0,0,0,0,0,0,0,0,
118477500393,,,,,,1,0,0,0,0,0,0,0,,0,0,0,0,0,1,0,0,0,0,0,0,0,0,0,0,
118477497845,,,,,,0,0,0,0,0,0,1,0,,0,0,0,0,0,0,0,0,1,0,0,0,0,0,0,0,
118477485587,,,,,,0,0,0,0,1,0,0,0,,0,1,0,0,0,1,0,0,1,0,1,0,1,0,0,1,
118477481582,,,,,,1,0,0,0,0,0,0,0,,0,0,0,0,0,1,0,0,0,0,0,0,0,0,0,0,military 
118477480957,,,,,,0,0,0,0,0,0,1,0,,0,0,0,0,0,0,0,0,0,0,0,0,1,0,0,0,
118477473023,,,,,,0,0,0,0,0,1,1,0,,0,0,0,0,0,0,0,0,1,0,0,0,1,0,0,0,
118477464644,,,,,,0,0,0,0,0,1,0,0,,0,0,0,1,0,0,0,0,1,0,0,0,0,0,0,0,
118477463644,,,,,,0,0,0,0,0,0,0,0,public historian,0,0,0,0,0,0,0,0,1,0,0,0,0,0,0,0,
118477460761,,,,,,0,0,0,0,0,0,0,1,,0,0,0,0,0,0,0,0,1,0,0,0,0,0,0,0,
118477448369,,,,,,1,0,1,0,0,0,0,0,,0,0,0,0,0,1,0,0,1,0,0,0,0,0,0,0,local history
118477445714,,,,,,1,0,0,0,1,0,0,0,,0,0,0,0,0,1,0,0,1,0,0,0,0,0,0,0,
118477444059,,,,,,1,0,0,0,0,1,1,0,,0,0,0,0,0,1,0,0,1,0,0,0,0,0,0,0,
118477439625,,,,,,0,0,0,0,1,0,0,0,,0,0,0,0,0,1,0,0,0,0,0,0,0,0,0,0,
118477432934,,,,,,1,0,0,0,1,0,0,0,,0,0,0,0,0,1,1,0,1,0,0,0,0,0,0,0,
118477430891,,,,,,1,0,0,0,0,0,0,0,,0,0,0,0,0,1,0,0,0,0,0,0,0,0,0,0,
118477430371,,,,,,0,0,0,0,1,0,0,0,,0,0,0,0,0,0,0,0,1,0,0,0,0,0,0,0,
118477427502,,,,,,1,0,0,0,0,0,0,0,,0,0,0,0,0,1,0,0,0,0,0,0,0,0,0,0,
118477420956,,,,,,0,0,0,0,0,0,0,0,independent scholar,0,0,0,0,0,0,1,0,1,1,1,0,0,0,0,0,
118477418756,,,,,,1,0,0,0,0,0,0,0,,0,0,1,0,0,1,1,1,1,1,1,0,1,1,1,1,
118477416367,,,,,,1,0,0,0,0,0,0,0,,0,0,0,0,0,1,0,0,0,0,0,0,0,0,0,0,
118477416027,,,,,,1,0,0,0,0,0,0,0,,0,0,0,0,0,0,0,0,1,0,0,0,0,0,0,0,
118477415867,,,,,,0,0,0,0,0,0,0,0,amateur historian,0,0,0,0,0,0,0,0,1,0,0,0,0,0,0,0,
118477409842,,,,,,0,0,0,1,0,0,0,0,,0,0,0,0,0,0,0,0,0,1,1,0,0,0,0,0,
118477407622,,,,,,0,0,0,0,1,0,0,0,,0,0,0,0,0,0,0,0,1,0,0,0,0,0,0,0,
118477393928,,,,,,0,1,0,0,0,0,0,0,,0,0,0,0,0,0,0,0,1,0,0,0,0,0,0,0,
118477388551,,,,,,0,0,0,0,0,0,1,0,,0,0,0,0,0,0,0,0,1,0,0,0,0,0,0,0,
118477385805,,,,,,0,0,0,0,1,0,0,0,,0,0,0,0,0,0,0,0,1,0,0,0,0,0,0,0,
118477376879,,,,,,0,0,0,0,0,0,1,0,,0,0,0,0,0,0,0,0,0,0,0,0,0,0,0,0,
118477376169,,,,,,0,0,0,0,0,0,0,1,,0,0,0,0,0,0,0,0,1,0,0,0,0,0,0,0,
118477376123,,,,,,0,0,0,0,0,0,1,0,,0,0,0,0,0,0,0,0,1,0,0,0,0,0,0,0,
118477372426,,,,,,0,0,0,0,0,0,1,0,,0,0,0,0,0,0,0,0,0,0,0,0,0,0,0,0,folklore
118477367367,,,,,,0,0,0,0,0,1,0,0,,0,0,0,0,0,0,0,0,1,0,0,0,0,0,0,0,
118477362153,,,,,,0,1,0,0,0,0,0,0,,0,0,0,0,0,0,0,0,1,0,0,0,0,0,0,0,
118477362113,,,,,,0,0,0,0,0,0,1,0,,0,0,0,1,0,0,0,0,0,0,0,0,0,0,0,0,
118477343073,,,,,,1,0,0,0,0,0,0,0,,0,0,0,0,0,1,0,0,0,0,0,0,0,0,0,0,
118477342943,,,,,,0,0,0,0,0,0,0,1,,0,1,0,0,0,0,0,0,1,0,0,0,0,0,0,0,
118477340669,,,,,,0,0,0,0,1,0,0,0,,0,0,0,0,0,0,0,0,1,0,0,0,0,0,0,0,
118477332532,,,,,,0,0,0,0,1,0,0,0,,0,0,0,0,0,1,0,0,1,0,0,0,0,0,0,0,
118477328399,,,,,,0,0,0,0,0,0,1,0,,0,0,0,0,0,0,0,0,1,0,0,0,0,0,0,0,
118477327548,,,,,,0,1,0,0,0,0,0,0,,0,0,0,0,0,0,0,0,0,0,0,0,0,0,0,0,
118477321897,,,,,,0,0,0,0,1,0,0,0,,0,0,1,0,0,1,0,0,0,1,1,0,0,1,0,0,
118477321426,,,,,,0,0,0,0,0,0,1,0,,0,0,0,0,0,0,0,0,0,0,0,0,0,0,0,1,
118477302799,,,,,,0,0,0,0,0,0,1,0,,0,0,1,0,0,0,0,0,1,0,0,0,0,0,0,0,
118477298240,,,,,,0,0,0,0,0,0,0,1,,0,0,0,0,1,0,0,1,1,0,0,0,0,0,0,0,
118477295081,,,,,,1,0,0,0,1,0,0,0,,0,0,0,0,0,1,0,0,1,0,0,0,0,0,0,0,
118477290653,,,,,,0,0,0,0,0,0,1,0,,0,0,1,0,1,0,0,0,0,0,0,0,0,1,1,0,
118477290351,,,,,,0,1,0,0,0,0,0,0,,0,0,0,0,0,0,0,0,1,0,0,0,0,0,0,0,
118477285832,,,,,,0,0,0,0,0,0,0,0,professional historian,0,0,0,0,0,0,0,0,1,0,0,0,0,0,0,0,
118477248210,,,,,,1,0,0,0,0,0,0,0,,0,0,0,0,0,1,0,0,1,0,0,0,0,0,0,0,old photos being preserved and shared
118477244381,,,,,,0,1,1,0,0,0,0,0,,0,0,0,0,0,0,0,0,1,0,0,1,1,0,0,0,
118477238033,,,,,,0,0,0,0,0,0,0,0,retired professor of history,0,0,0,0,0,0,0,0,1,0,0,0,1,0,0,0,
118477219184,,,,,,0,0,0,0,0,0,0,0,historical society researcher,0,0,0,0,0,0,0,0,1,0,0,0,0,0,0,0,
118477219180,,,,,,1,0,0,0,0,0,0,0,,0,0,0,0,0,1,0,0,0,0,0,0,0,0,0,0,
118477218737,,,,,,0,0,0,0,0,0,1,0,,0,0,0,0,0,0,0,0,0,0,0,0,0,0,0,0,
118477195084,,,,,,0,0,0,0,0,0,1,0,,0,0,0,0,0,0,0,0,1,0,0,0,0,0,0,0,
118477190063,,,,,,0,0,0,0,0,0,1,0,,0,0,1,0,0,0,0,0,0,0,0,0,0,0,0,0,
118477175892,,,,,,0,0,0,0,0,0,0,0,independent researcher and writer,0,0,0,0,0,0,0,0,1,0,0,0,0,0,0,0,visual art
118477150378,,,,,,0,0,0,0,0,0,0,0,researcher,0,0,0,0,0,0,0,0,0,0,0,0,0,0,0,0,
118477148334,,,,,,0,0,0,0,0,1,0,0,,0,0,0,0,0,0,0,0,1,0,1,0,0,0,0,0,
118477097518,,,,,,1,0,0,0,0,0,0,0,,0,0,0,0,0,1,0,0,1,0,0,0,0,0,0,0,
118477057872,,,,,,0,0,0,0,1,0,0,0,,0,0,0,0,0,1,0,0,0,0,0,0,0,0,0,0,
118477040645,,,,,,0,0,0,0,0,0,1,0,,0,0,0,0,0,0,0,0,1,0,0,0,0,0,0,0,
118477032483,,,,,,0,0,0,0,0,0,1,0,,0,0,0,1,0,0,0,0,0,0,0,0,0,0,0,0,
118477030785,,,,,,0,0,0,0,0,0,0,0,baor researcher  (veteran),0,0,0,0,0,0,0,0,0,0,0,0,0,0,0,0,post ww2 occupation and  ww2 cdn dispersion in uk
118476947236,,,,,,1,0,0,0,0,0,0,0,,0,0,0,0,0,1,0,0,0,0,0,0,0,0,0,0,
118476932620,,,,,,1,0,0,0,0,0,0,0,,0,0,0,0,0,1,0,0,0,0,0,0,0,0,0,0,
118476925210,,,,,,1,0,0,0,1,0,0,0,,0,0,0,0,0,0,0,0,1,0,0,0,0,0,0,0,
118476921999,,,,,,1,0,0,0,1,0,0,0,,0,0,0,0,0,1,0,0,1,0,0,0,0,0,0,0,
118476914597,,,,,,0,0,0,0,0,1,0,0,,0,0,0,0,0,0,0,0,1,0,0,0,0,0,0,0,
118476900066,,,,,,0,0,0,0,1,1,0,0,writer,0,0,0,0,0,0,0,0,1,1,1,0,1,0,0,1,métis historu
118476893296,,,,,,1,0,0,0,0,0,0,0,,0,0,0,0,0,1,0,0,1,0,0,0,0,0,0,0,
118476889634,,,,,,0,0,0,0,0,1,0,1,,0,0,0,0,0,0,0,0,1,0,0,0,0,0,0,0,
118476886054,,,,,,1,0,0,0,0,0,0,0,,0,0,0,0,0,1,0,0,0,0,0,0,0,0,0,0,
118476883285,,,,,,0,0,0,0,1,0,0,0,,0,0,0,0,0,0,0,0,1,0,0,0,0,0,0,0,
118476881189,,,,,,0,0,0,0,1,0,0,0,,1,0,0,0,0,0,0,0,1,0,0,0,0,0,0,0,
118476878653,,,,,,0,0,0,0,0,0,1,0,,0,0,0,0,0,0,0,0,1,0,0,0,0,0,0,0,
118476870980,,,,,,1,0,0,0,0,0,0,0,,0,0,0,0,0,1,0,0,1,0,0,0,0,0,0,0,
118476869975,,,,,,0,0,0,0,1,0,0,0,,0,0,0,0,0,1,0,1,0,0,0,0,0,0,0,0,
118476863874,,,,,,0,0,0,0,0,0,1,0,youtuber,0,0,0,0,0,0,0,0,1,0,0,0,1,0,0,1,
118476855734,,,,,,1,0,0,0,1,0,0,0,,0,0,0,0,0,1,0,0,1,0,1,0,0,0,0,0,
118476854540,,,,,,1,0,1,0,1,0,0,0,,1,0,0,0,0,1,1,0,1,0,0,0,0,1,0,0,
118476849197,,,,,,0,0,0,0,0,0,1,0,,0,0,1,0,0,0,0,0,0,0,0,0,0,0,0,0,
118476839315,,,,,,1,0,0,0,1,0,0,0,local historian,0,0,0,0,0,1,0,0,1,0,1,0,0,0,0,0,"local histories - churches, schools, current events c 1800s-1900s, cheese factories, local roads, obits/weddings/births, garden parties, agriculture - you name it."
118476837331,,,,,,0,0,0,0,0,1,1,0,,0,0,0,0,0,0,0,0,1,0,0,0,0,0,0,0,
118476831781,,,,,,0,0,0,1,0,1,0,0,,0,0,0,0,0,0,0,0,1,0,0,0,0,0,0,0,
118476831625,,,,,,0,0,0,0,0,0,0,0,railway historian,1,0,0,1,0,0,0,0,1,0,0,0,0,0,0,0,
118476829106,,,,,,0,0,0,0,0,0,1,0,,0,0,1,0,0,0,1,0,0,0,0,0,0,0,1,1,
118476826649,,,,,,1,0,0,0,1,0,1,0,,0,0,0,0,0,1,0,0,1,0,0,0,0,0,0,0,
118476823786,,,,,,0,0,0,0,0,0,1,0,,0,0,0,0,0,0,0,0,1,0,0,0,0,0,0,0,
118476818443,,,,,,0,0,0,0,0,1,0,1,,0,1,0,0,0,0,0,0,1,0,0,0,0,1,1,1,
118476805198,,,,,,1,0,0,0,0,0,0,0,,0,0,0,0,0,1,0,0,0,0,0,0,0,0,0,0,
118476801311,,,,,,1,0,0,0,1,0,0,0,,0,0,0,0,0,1,0,0,1,0,0,0,0,0,0,0,
118476800721,,,,,,1,0,0,0,0,0,0,0,,0,0,0,0,0,1,0,0,0,0,0,0,0,0,0,0,
118476793261,,,,,,1,0,0,0,1,0,0,0,ngo,0,0,0,1,0,1,0,0,1,0,1,0,0,0,0,0,
118476793088,,,,,,0,0,0,0,0,1,0,0,,0,0,0,0,0,0,0,0,1,0,0,0,0,0,0,0,
118476786124,,,,,,1,0,0,0,0,0,0,0,,0,0,0,0,0,1,0,0,1,0,0,0,0,0,0,0,
118476786069,,,,,,0,0,0,0,0,0,1,0,,0,0,0,0,0,0,0,0,1,0,0,0,0,0,0,0,
118476785441,,,,,,0,0,0,0,0,0,0,1,,0,0,0,0,0,0,0,0,1,1,1,0,0,0,0,0,
118476777490,,,,,,0,0,0,0,1,0,0,0,,0,0,0,0,0,0,0,0,1,0,0,0,0,0,0,0,
118476771865,,,,,,0,0,0,0,0,0,1,0,,0,0,0,0,0,0,0,0,1,0,0,0,0,0,0,0,
118476769987,,,,,,0,0,0,0,1,0,0,0,,0,0,0,0,0,0,0,0,0,1,0,0,0,0,0,0,
118476768169,,,,,,0,0,0,0,1,0,0,0,,0,0,0,0,0,0,0,0,1,0,1,0,0,0,0,0,
118476767949,,,,,,0,0,0,0,1,0,0,0,vintage london ontario facebook page researcher,0,0,0,0,0,0,0,0,1,0,0,0,0,0,0,0,local history of london ontario
118476759174,,,,,,0,0,0,0,1,0,0,0,,0,0,0,0,0,0,0,0,1,0,0,0,0,0,0,0,
118476758798,,,,,,0,0,0,0,1,0,0,0,,0,0,0,0,0,0,0,0,1,0,0,0,0,0,0,0,
118476735110,,,,,,1,0,0,0,0,0,0,0,,0,0,0,0,0,1,0,0,0,0,0,0,0,0,0,0,
118476730863,,,,,,0,0,0,0,1,0,0,0,,0,0,0,0,0,0,0,0,1,0,0,0,0,0,0,0,
118476727747,,,,,,0,0,0,0,0,1,0,0,,0,0,0,0,0,0,0,0,1,0,0,0,0,0,0,0,
118476724832,,,,,,0,1,0,0,0,0,0,0,,0,1,1,1,1,1,1,1,1,1,1,1,1,0,1,1,
118476716395,,,,,,0,0,0,0,1,0,0,0,,0,0,0,0,0,1,0,0,0,0,0,0,0,0,0,0,
118476707603,,,,,,0,0,0,0,1,0,0,0,,0,0,0,0,0,0,0,0,0,1,0,0,0,0,0,0,
118476686647,,,,,,0,0,1,0,0,0,0,0,,0,0,0,0,0,1,1,0,1,0,0,0,0,0,0,0,
118476684116,,,,,,1,0,0,0,0,0,0,0,writer,0,0,0,0,0,1,0,0,1,0,0,0,1,0,0,0,
118476678067,,,,,,0,0,0,0,0,1,0,0,,0,0,0,0,0,0,0,0,1,0,0,0,0,0,0,0,
118476676166,,,,,,0,0,0,0,1,0,0,0,,0,0,0,0,0,0,0,0,0,0,0,0,0,0,0,0,science (astronomy)
118476667703,,,,,,1,0,0,0,1,0,0,0,,0,0,0,0,0,1,0,0,0,0,0,0,0,0,0,0,
118476665230,,,,,,0,0,0,0,1,0,0,0,,0,0,0,0,0,0,0,0,0,0,0,0,0,0,0,0,
118476655961,,,,,,0,0,0,0,0,0,1,0,,0,0,0,0,0,0,0,0,0,0,0,0,0,0,0,0,
118476648897,,,,,,1,0,0,0,1,0,0,0,,0,1,0,0,0,1,0,0,1,0,0,0,0,0,0,0,
118476648649,,,,,,0,0,0,0,1,0,0,0,,0,0,0,0,0,0,0,0,0,0,0,0,0,0,0,0,
118476638245,,,,,,0,0,0,0,0,1,0,0,,0,0,0,0,0,0,0,0,1,0,0,0,0,0,0,0,
118476633471,,,,,,1,0,0,0,0,0,0,0,,0,0,0,0,0,0,0,0,0,0,0,0,1,0,0,0,
118476632394,,,,,,0,0,0,0,0,0,1,0,,0,0,0,0,0,0,0,0,0,0,0,0,0,0,0,0,architecture
118476631381,,,,,,0,0,0,0,0,1,0,0,,0,0,0,0,0,0,0,0,1,0,0,0,0,0,0,0,
118476629658,,,,,,0,0,0,0,1,0,0,0,,0,0,0,0,0,0,0,0,1,0,1,0,0,0,0,0,
118476628719,,,,,,1,0,0,0,1,0,0,0,,0,0,0,0,0,1,0,0,1,0,0,0,0,0,0,0,
118476625775,,,,,,0,0,0,0,1,0,0,0,,0,0,0,0,0,1,0,0,1,0,0,0,0,0,0,0,
118476620856,,,,,,0,0,0,0,1,0,0,0,,0,0,0,0,0,0,0,0,0,0,0,0,0,0,0,0,industrial history
118476610917,,,,,,0,1,0,0,0,0,0,0,,1,1,1,1,0,0,0,0,1,0,0,1,0,0,0,0,
118476592913,,,,,,0,0,0,0,0,1,0,0,,0,0,0,0,0,0,0,0,1,0,0,0,0,0,0,0,
118476589424,,,,,,0,0,0,0,1,0,0,0,,0,0,0,0,0,0,0,0,0,1,0,0,0,0,0,0,
118476563921,,,,,,1,0,0,0,0,0,0,0,,0,0,0,0,0,1,0,0,1,0,1,0,0,0,1,0,
118476545210,,,,,,1,0,0,0,0,0,0,0,,0,0,0,0,0,0,0,0,0,0,0,0,0,0,0,0,
118476543117,,,,,,0,0,0,0,0,0,1,0,,0,0,0,0,0,0,0,0,0,0,0,0,0,0,0,0,business administration 
118476541116,,,,,,0,1,0,0,0,0,0,0,,0,0,0,0,0,0,0,0,0,0,0,1,0,0,0,0,book history
118476535324,,,,,,0,0,0,0,0,0,1,0,,0,0,0,0,0,0,1,0,1,0,1,0,0,0,0,0,anthropology
118476531483,,,,,,0,0,1,0,0,0,0,0,,0,0,0,0,0,0,0,0,1,0,0,0,0,0,0,0,
118476517452,,,,,,0,0,0,0,1,0,0,0,,0,0,0,0,0,1,0,0,0,0,0,0,0,0,0,0,
118476510745,,,,,,0,0,0,0,0,0,1,0,,0,0,0,0,0,0,0,0,0,0,1,0,0,1,0,0,
118476499931,,,,,,0,0,0,0,0,0,1,0,,0,0,0,0,0,0,0,0,0,0,0,0,0,0,0,0,
118476489509,,,,,,0,0,0,0,0,1,0,0,,0,0,0,0,0,0,0,0,1,0,0,0,0,0,0,0,
118476465582,,,,,,0,0,0,0,0,0,0,1,,0,0,0,0,0,0,0,0,1,0,0,0,0,0,0,0,
118476458430,,,,,,0,0,1,0,0,0,0,0,,0,0,1,0,0,0,0,0,0,0,0,0,0,0,0,0,history
118476456439,,,,,,0,0,0,0,0,0,1,0,,0,0,0,0,0,0,0,0,0,0,0,0,0,0,0,1,
118476453543,,,,,,1,0,0,0,0,0,0,0,,0,0,0,0,0,1,0,0,1,0,0,0,0,0,0,0,
118476452006,,,,,,0,0,0,0,0,0,1,0,,0,0,0,0,0,0,0,0,0,0,0,0,0,0,0,0,engineering
118475731330,,,,,,0,0,0,0,0,1,0,0,,0,0,0,0,0,0,0,0,0,0,0,1,0,0,0,0,
118475730719,,,,,,0,0,0,0,0,1,0,0,,0,1,0,1,0,0,0,0,1,0,0,0,0,0,0,0,
