id,geo,Genealogical researcher,GLAM professional,Government employee,Legal researcher,Member of the general public,Post-secondary researcher,Student,Teacher,Other Identification,Computer Science,Digital Humanities,Education,Environment/Climate,Gender Studies,Genealogy,Geography,Health,History,Indigenous Land Claims,Indigenous Studies,Information Science,Law,Linguistics,Literature,Political Science,Other Interest
118488584413,"Ottawa, Canada",1,0,0,0,0,0,0,0,,0,0,0,0,0,0,0,0,0,0,0,0,0,0,0,0,
118488584313,"Vancouver, Canada",0,0,0,0,0,1,0,0,,0,0,0,0,0,0,0,0,1,1,0,0,0,0,0,0,
118488550699,"Tucson, United States",1,0,0,0,0,0,0,0,,0,0,0,0,0,1,0,0,0,0,0,0,0,0,0,0,chinese history in canada
118488550688,"London, Canada",0,1,0,0,0,0,0,0,,0,1,0,0,0,1,0,0,1,0,0,0,0,0,1,0,
118488541922,"Gardiner, United States",0,0,0,0,1,0,0,0,,0,0,0,0,0,0,0,0,1,0,1,0,0,0,1,0,
118488536715,"Sacramento, United States",0,0,0,0,1,0,0,0,,0,0,0,0,0,0,0,0,0,0,0,1,0,0,0,0,
118488534077,"Calgary, Canada",1,0,0,0,0,0,0,0,,0,1,1,0,0,1,0,1,1,1,1,0,0,0,0,0,
118488516018,"Nepean, Canada",0,0,0,0,1,0,0,0,,0,0,0,0,0,0,0,0,0,0,0,0,0,0,0,1,
118488508365,"Ottawa, Canada",0,0,1,0,0,0,0,0,,0,0,0,0,0,0,0,0,0,0,1,0,0,0,0,0,
118488501886,"Woodstock, Canada",0,1,0,0,0,0,0,0,,0,0,0,0,0,0,0,0,0,0,0,0,0,0,0,0,social history of my area through historic magazines 
118488490182,"Halifax, Canada",0,0,1,0,0,0,0,0,,0,0,0,0,0,1,1,0,1,0,0,0,1,0,0,1,
118488465542,"Victoria, Canada",1,0,0,0,1,0,0,0,historian,0,0,0,0,0,1,1,0,1,0,1,0,0,0,0,1,
118488460613,"Windsor, Canada",1,0,0,0,0,0,0,0,,0,0,0,0,0,1,0,0,0,0,0,0,0,0,0,0,
118488444453,"Fredericton, Canada",1,0,1,0,0,0,0,0,,0,0,0,0,0,1,0,0,1,1,1,0,0,0,0,0,
118488444373,"Halifax, Canada",0,0,0,0,0,1,0,0,,0,1,0,0,1,1,0,0,1,0,1,0,0,0,1,0,
118488440238,"Québec, Canada",0,0,0,0,0,0,1,0,,0,0,0,0,0,0,0,0,1,0,0,0,0,0,0,0,
118488418493,"Toronto, Canada",0,1,0,0,0,0,0,0,,0,0,0,0,0,1,1,0,1,0,1,1,0,0,0,0,
118488392407,"Toronto, Canada",1,0,0,0,0,0,0,0,,0,0,0,0,0,1,0,0,1,0,1,0,0,0,0,1,
118488364339,"Charlottetown, Canada",0,0,0,0,0,1,0,0,,0,0,0,0,0,0,0,0,1,0,0,0,0,0,0,0,
118488346270,"Liverpool, United Kingdom",0,0,0,0,1,0,0,0,trying to trace my bhc relatives ,0,0,0,0,0,1,0,0,0,0,0,0,0,0,0,0,
118488320070,"Vancouver, Canada",0,1,0,0,0,0,0,0,librarian,0,0,0,0,0,0,0,0,0,0,0,0,0,0,0,1,
118488317728,"Ottawa, Canada",1,0,0,0,0,0,0,0,,0,0,0,0,0,1,0,0,0,0,0,0,0,0,0,0,
118488317623,"Thunder Bay, Canada",0,0,0,0,1,0,0,0,,0,0,0,0,0,0,0,0,0,0,0,0,0,0,0,0,
118488300188,"Burlington, Canada",0,0,0,0,0,0,1,0,,0,0,0,0,0,0,0,0,0,0,1,0,0,0,0,0,
118488290504,"Cornwall, Canada",1,0,0,0,0,0,0,0,,0,0,0,0,0,1,0,0,1,0,0,0,0,0,0,0,
118488281182,"Montreal, Canada",1,0,0,0,0,0,0,0,,0,0,0,0,0,0,0,0,1,0,0,0,0,0,0,0,
118488281135,"Kingston, Canada",1,1,0,0,1,0,0,0,archivist with a historical society in ontario,0,0,1,0,0,1,1,0,1,0,0,0,1,0,1,1,
118488229106,"Toronto, Canada",0,0,0,0,0,0,1,0,,0,0,0,0,0,0,0,0,1,0,0,0,0,0,0,0,
118488223533,"Niagara Falls, Canada",0,0,0,0,0,1,0,0,,0,0,0,0,0,0,0,0,0,0,0,0,0,0,0,0,
118488214197,"Toronto, Canada",0,0,0,0,0,0,1,0,,0,0,0,0,0,0,0,0,0,0,0,0,0,0,0,0,french studies
118488202662,"Lima, Peru",0,0,0,0,0,0,1,0,,0,0,0,0,0,0,0,0,0,0,0,0,0,0,0,0,earth sciences
118488182010,"Newmarket, Canada",0,0,0,0,1,0,0,0,,0,0,0,0,0,1,0,0,1,0,0,0,0,0,0,0,
118488131341,"Oakville, Canada",0,0,0,0,1,0,0,0,,0,1,0,0,0,0,0,0,1,0,0,0,0,0,0,0,
118488123849,"Lachine, Canada",0,0,0,0,1,0,0,0,,0,0,0,0,0,1,0,0,0,0,0,0,0,0,0,0,
118488090909,"Toronto, Canada",0,0,0,0,0,0,1,0,,1,0,0,0,0,0,0,0,0,0,0,0,0,0,0,0,
118488072564,"Moncton, Canada",0,0,0,0,0,0,1,0,,0,0,0,0,0,0,0,0,1,0,0,0,0,0,0,0,
118488056171,"Talkeetna, United States",0,0,0,0,0,0,0,0,kenaitze tribe athabaskan ,0,0,0,0,0,0,0,0,0,0,1,0,0,0,0,0,
118488023027,"Giza, Egypt",1,0,0,0,0,0,0,0,,0,0,0,1,0,0,0,0,0,0,0,0,0,0,0,0,
118488006698,"Dartmouth, Canada",1,0,0,0,1,0,0,0,,0,0,0,0,0,1,0,0,0,0,0,0,0,0,0,0,
118488005233,"Calgary, Canada",0,0,0,0,1,0,0,0,,0,0,0,0,0,0,0,0,0,0,1,0,0,0,0,0,
118487951785,"Freiburg im Breisgau, Germany",0,0,0,0,0,0,1,0,,0,0,0,0,0,0,0,0,1,0,0,0,0,0,1,0,
118487884499,"Eastbourne, United Kingdom",0,0,0,0,1,0,0,0,,0,0,0,0,0,0,0,0,1,0,0,0,0,0,0,0,
118487862145,"Calgary, Canada",0,0,0,0,1,0,0,0,,0,0,0,0,0,1,0,0,1,0,0,0,0,0,0,0,
118487843578,"Seattle, United States",1,0,0,0,0,0,1,0,,0,0,0,0,0,1,0,0,1,0,0,0,0,0,0,0,
118487838956,"Mission, Canada",1,0,0,0,0,0,0,0,,0,0,0,0,0,1,0,0,1,0,0,0,0,0,0,0,
118487816424,"Langley, Canada",0,0,0,1,0,0,0,0,,0,0,0,0,0,0,0,0,0,1,1,0,0,0,0,0,
118487743466,"Seabright, Canada",1,0,0,0,0,0,0,0,,0,0,0,0,0,1,0,0,1,0,0,0,0,0,0,0,
118487740669,"Creston, Canada",0,0,0,0,1,0,0,0,,0,0,0,0,0,0,0,0,1,0,1,0,0,1,1,1,
118487725885,"Winnipeg, Canada",0,0,0,0,1,0,0,0,,0,0,0,0,0,1,0,0,1,0,0,0,0,0,0,0,
118487720411,"Regina, Canada",1,0,0,0,0,0,0,0,,0,0,0,0,0,1,0,0,0,0,0,0,0,0,0,0,
118487704275,"Winnipeg, Canada",0,0,0,0,1,0,0,0,,0,0,0,0,0,1,0,0,0,0,0,0,0,0,0,0,
118487703110,"Toronto, Canada",0,0,0,0,0,0,1,0,,0,1,0,0,0,0,0,0,0,0,0,0,0,0,0,0,
118487686586,"Calgary, Canada",0,0,0,0,0,0,1,0,,0,0,0,0,0,0,0,0,0,0,0,0,0,0,0,1,
118487671409,"Guelph, Canada",1,0,0,0,0,0,0,0,historian,0,1,0,0,0,0,0,0,1,0,0,0,0,0,0,0,
118487665111,"Edmonton, Canada",1,0,0,0,1,0,0,0,,0,0,0,0,0,1,0,0,0,0,0,0,0,0,0,0,
118487661794,"Kingston, Canada",1,0,0,0,0,0,0,0,,0,0,0,0,0,1,0,0,0,0,0,0,0,0,0,0,
118487647479,"Pittsburgh, United States",1,0,0,0,0,0,0,0,,0,0,0,0,0,1,0,0,0,0,0,0,0,0,0,0,
118487640841,"Venice, United States",0,0,0,0,0,0,0,0,researcher for writing,0,0,0,0,0,0,0,0,1,0,0,0,0,0,0,0,
118487627819,"Ottawa, Canada",0,0,0,0,0,0,1,0,,0,0,0,0,0,0,0,0,1,0,0,0,0,0,0,0,
118487619345,"Brampton, Canada",0,0,0,0,0,0,1,0,,0,0,0,0,1,0,0,0,1,0,0,0,1,0,0,1,sociology
118487567670,"Guelph, Canada",0,0,0,0,0,1,0,0,,0,0,0,0,0,0,0,0,0,0,0,0,0,0,1,0,
118487555343,"Toronto, Canada",0,0,0,1,0,0,0,0,,0,0,0,0,0,0,0,0,1,1,0,0,1,0,0,0,
118487552255,"Albany, United States",0,0,0,0,0,1,0,0,,0,0,0,0,0,0,0,0,1,1,1,0,0,0,0,0,
118487548175,"Hamilton, Canada",0,0,0,0,1,0,0,0,,0,0,0,0,0,0,0,0,1,0,0,0,0,0,0,0,
118487544957,"Grand Falls-Windsor, Canada",0,0,0,0,1,0,0,0,,0,0,0,0,0,0,0,0,1,0,0,0,0,0,0,0,newfoundland history
118487534351,"Victoria, Canada",0,0,0,0,1,0,0,0,,0,1,0,0,0,1,0,0,1,0,0,0,0,0,0,0,
118487531853,"Calgary, Canada",1,0,0,0,0,0,0,0,,0,0,0,0,0,1,0,0,0,0,0,0,0,0,0,0,
118487527264,"Buffalo, United States",0,0,0,0,0,0,0,0,,0,0,0,0,0,0,0,0,0,0,0,0,0,0,0,0,pbs
118487484415,"St. Catharines, Canada",0,0,0,0,0,0,0,1,,0,0,0,0,0,0,0,0,1,0,0,0,0,0,0,0,
118487478912,"Toronto, Canada",0,1,0,0,0,0,0,0,,0,1,0,0,0,0,0,0,0,0,0,0,0,0,0,0,
118487472452,"Ottawa, Canada",0,0,1,0,0,0,0,0,,0,1,0,0,0,1,0,0,1,0,1,1,0,0,0,0,
118487471688,"Toronto, Canada",0,0,0,0,0,1,0,0,,0,0,0,0,0,0,0,0,0,0,0,0,0,0,0,0,theology
118487448941,"Kingston, Canada",0,0,0,0,1,0,0,0,,0,0,0,0,0,0,0,0,1,0,0,0,0,0,0,0,
118487426338,"Philadelphia, United States",0,0,0,0,0,0,1,0,,0,0,0,0,0,0,0,0,0,0,0,0,1,0,0,0,
118487407742,"Fredericton, Canada",1,0,1,0,0,0,0,0,,0,0,0,0,0,1,0,0,1,0,0,0,0,0,0,0,
118487404187,"St. Catharines, Canada",1,0,0,0,0,0,0,0,,0,0,0,0,0,1,0,0,0,0,0,0,0,0,0,0,
118487403721,"St. Catharines, Canada",1,0,0,0,0,0,0,0,,0,0,0,0,0,1,0,0,0,0,0,0,0,0,0,0,
118487392246,"Black Mountain, United States",0,0,0,0,0,0,1,0,,0,0,0,0,0,0,0,0,1,0,0,0,0,0,0,0,
118487390398,"Toronto, Canada",1,0,0,0,0,0,0,0,house history researcher,0,0,0,0,0,0,0,0,1,0,0,0,0,0,0,0,
118487383062,"Lethbridge, Canada",0,0,0,0,0,1,0,0,,0,0,0,0,0,0,0,1,1,0,1,0,0,0,0,0,
118487360070,"Montreal, Canada",1,0,0,0,0,0,0,0,,0,0,0,0,0,1,0,0,0,0,0,0,0,0,0,0,
118487353197,"Hamilton, Canada",0,0,0,0,0,0,0,0,heritage planner,0,0,0,0,0,0,0,0,1,0,0,0,0,0,0,0,
118487314686,"Winnipeg, Canada",1,0,0,0,1,0,0,0,,0,0,0,0,0,1,0,0,1,0,0,0,0,0,0,0,
118487305082,"Grand Falls-Windsor, Canada",0,0,0,0,0,0,0,0,writer,0,0,0,0,0,0,0,0,1,0,0,0,0,0,0,0,
118487293866,"La Prairie, Canada",0,0,0,0,0,0,1,0,,0,0,0,0,0,0,0,0,0,0,0,0,0,0,0,1,
118487260102,"Dawson City, Canada",0,1,0,0,0,0,0,0,,0,0,0,0,0,0,0,0,1,0,0,0,0,0,0,0,
118487206690,"Halifax, Canada",0,0,0,0,0,0,1,0,,0,0,0,0,0,0,0,0,0,0,0,0,0,0,0,0,anthropology
118487200133,"Nepean, Canada",0,0,0,0,1,0,0,0,,0,0,0,0,0,0,0,0,0,0,0,0,0,0,0,0,responsible government provinces history
118487199472,"Guelph, Canada",0,0,0,0,1,1,0,0,,1,1,0,0,1,0,0,0,0,0,1,0,0,0,0,0,
118487183049,"Moncton, Canada",1,0,0,0,0,0,0,0,,0,0,0,0,0,0,0,0,0,0,0,0,0,0,0,0,
118487141578,"Saint-Felix-de-Valois, Canada",1,0,0,0,0,0,0,0,,0,0,0,0,0,0,0,0,1,0,0,0,0,0,0,0,
118487103690,"Montreal, Canada",0,0,0,0,0,0,0,0,legal translator,0,0,0,0,0,0,0,0,0,0,0,0,1,0,0,0,
118487048509,"Calgary, Canada",0,0,0,0,0,1,0,0,,0,1,0,0,0,0,0,0,1,0,0,0,0,0,0,0,craft / art 
118487041656,"Livorno, Italy",0,0,0,0,0,0,0,1,,0,0,1,1,0,0,1,0,1,0,1,0,0,1,1,1,
118487027559,"Longueuil, Canada",0,1,0,0,0,0,0,0,professor,0,1,0,0,0,0,0,0,1,0,0,0,0,0,0,0,
118487022007,"Blanchard, United States",0,0,0,0,0,0,0,0,editor,0,1,0,1,1,1,1,1,1,0,1,0,0,0,1,0,
118487021809,"Hawkesbury, Canada",1,0,0,0,0,0,0,0,,0,0,0,0,0,1,0,0,0,0,0,0,0,0,0,0,
118487014144,"Puslinch, Canada",0,0,0,0,0,0,0,1,,0,0,0,0,0,0,0,0,0,0,0,0,0,1,0,0,
118486998541,"Hinchinbrooke, Canada",1,0,0,0,0,0,0,0,,0,0,0,0,0,1,0,0,0,0,0,0,0,0,0,0,
118486969417,"Brockville, Canada",1,0,0,0,1,1,0,0,biographer,0,0,0,0,0,1,0,0,1,1,0,0,1,0,0,1,fur trade
118486861760,"Rome, Italy",0,0,0,0,0,0,1,0,,0,0,0,0,0,0,0,0,1,0,0,0,0,0,0,0,
118486856961,"Bathurst, Canada",1,0,0,0,0,0,0,0,,0,0,0,0,0,1,0,0,0,0,0,0,0,0,0,0,
118486848472,"Vanløse, Denmark",0,1,0,0,0,0,0,0,,0,0,0,0,0,0,0,1,0,0,0,0,0,0,0,0,
118486810216,"Glasgow, United Kingdom",0,0,0,0,0,0,1,0,,0,0,0,0,0,0,0,0,1,0,0,0,0,0,0,0,
118486679160,"Surrey, Canada",1,0,0,0,1,0,0,0,,1,1,1,1,1,1,1,1,1,1,1,1,1,1,1,1,
118486657207,"Winston-Salem, United States",0,0,0,0,0,0,1,0,,0,0,0,0,0,0,0,0,0,0,0,0,0,0,0,0,biblical theology
118486631463,"Burlington, Canada",1,0,0,0,0,0,0,0,,0,0,0,0,0,1,0,0,0,0,0,0,0,0,0,0,
118486622705,"London, Canada",0,0,0,0,0,0,1,0,,0,0,0,0,0,0,0,0,0,0,0,0,0,0,0,0,
118486606989,"Hamilton, Canada",0,0,0,0,0,0,1,0,,0,0,0,0,0,0,0,0,1,0,1,0,0,0,0,0,
118486606741,"Welland, Canada",0,0,0,0,1,0,0,0,,0,0,0,1,1,0,0,1,1,0,0,0,0,0,1,0,
118486584388,"Coquitlam, Canada",0,0,0,0,1,0,0,0,,0,0,0,0,0,0,0,0,1,0,0,0,0,0,1,0,
118486583958,"Cambridge, Canada",1,0,0,0,0,0,0,0,,0,0,0,0,0,1,0,0,0,0,0,0,0,0,0,0,
118486574355,"Toronto, Canada",0,0,0,0,0,0,1,0,,1,0,0,0,0,0,0,0,0,0,0,0,0,0,0,0,
118486550512,"Oakland, United States",0,0,0,0,1,0,0,0,,0,0,0,0,0,1,0,0,0,0,0,0,0,0,0,0,
118486513211,"Toronto, Canada",0,0,0,0,0,1,1,0,,0,0,0,0,0,0,0,0,1,0,1,0,0,0,0,0,anthropology
118486501939,"Squamish, Canada",0,0,0,0,0,1,0,0,,0,0,0,0,0,0,0,0,1,1,1,0,1,0,0,0,
118486495013,"Hamilton, Canada",0,0,0,0,0,0,1,0,,0,0,0,0,0,0,0,0,1,0,0,0,0,0,0,0,
118486452013,"Fredericton, Canada",0,0,0,0,0,1,0,0,,0,0,0,0,0,0,0,0,1,0,0,0,0,0,0,0,
118486419757,"Campbellford, Canada",0,0,0,0,1,0,0,0,,0,0,0,0,0,0,0,0,0,0,0,0,0,0,0,0,
118486416074,"Winnipeg, Canada",0,0,0,0,1,0,0,0,,0,0,0,0,0,1,0,0,0,0,0,0,0,0,0,0,
118486400942,"Vancouver, Canada",0,0,0,0,0,1,0,0,,0,0,1,0,0,0,0,1,0,0,0,0,0,0,0,0,
118486391944,"Windsor, Canada",1,0,0,0,0,0,0,0,,0,0,0,0,0,0,0,0,0,0,0,0,0,0,0,0,
118486352660,"Eufaula, United States",1,0,0,0,0,0,0,0,,0,0,0,0,0,1,0,0,0,0,0,0,0,0,0,0,
118486351965,"Vancouver, Canada",0,0,0,0,1,0,0,0,,0,0,0,0,0,0,0,0,1,0,0,0,0,0,0,0,
118486326183,"Riverton, United States",1,0,0,0,0,0,0,0,,0,0,0,0,0,0,0,0,0,0,0,0,0,0,0,0,
118486322689,"Toronto, Canada",0,0,0,0,1,1,0,0,,0,0,0,0,0,0,0,0,1,0,0,0,0,0,0,0,
118486318679,"Richibucto, Canada",1,0,0,0,0,0,0,0,,0,0,0,0,0,1,0,0,0,0,0,0,0,0,0,0,
118486315560,"Orléans, Canada",0,0,0,0,0,0,0,0,editor,0,1,1,1,1,0,1,1,1,1,1,1,1,1,1,1,whatever texts i am working on
118486296798,"Longueuil, Canada",0,0,0,0,0,0,0,0,professor,0,0,0,0,0,1,0,0,1,0,0,0,0,0,0,0,public history
118486294450,"Longueuil, Canada",0,0,0,0,0,0,1,0,,0,0,0,0,0,0,0,0,1,0,0,0,0,0,0,0,
118486290872,"Thunder Bay, Canada",0,0,0,0,1,0,0,0,,0,0,0,0,0,0,0,0,1,0,0,0,0,0,0,0,
118486281810,"Peterborough, Canada",1,0,0,0,0,1,0,1,,0,1,1,0,0,0,0,0,1,1,1,0,0,0,0,1,
118486275245,"Halifax, Canada",1,0,0,0,1,0,0,0,,0,1,0,0,0,1,0,0,1,0,0,0,0,0,0,0,
118486264583,"Peterborough, Canada",0,0,0,0,0,1,1,0,,0,0,0,1,0,0,0,0,0,0,0,0,0,0,0,0,
118486258335,"Brampton, Canada",0,0,0,0,0,0,0,0,editor,0,1,1,0,0,0,0,0,1,0,0,0,0,0,0,0,
118486229006,"Calgary, Canada",0,0,0,0,1,0,0,0,,0,0,0,0,0,0,0,0,1,0,0,0,0,0,0,0,
118486198344,"Sydney, Canada",0,0,0,0,0,0,1,0,,0,0,0,0,0,0,0,0,0,0,0,0,0,0,0,0,unsure
118486161664,"Sebring, United States",0,0,0,0,0,1,0,0,,0,0,0,0,0,0,0,0,1,0,0,0,0,0,0,0,
118486159490,"Whitby, Canada",0,0,0,0,0,0,0,1,,0,1,1,0,0,0,0,0,0,0,0,0,0,1,0,0,
118486124224,"Courtenay, Canada",0,0,0,0,1,0,0,0,,0,0,0,0,0,0,0,0,1,0,0,0,0,0,0,0,
118486094745,"Edmonton, Canada",0,0,0,0,0,0,1,0,,0,0,0,0,0,0,0,0,0,0,1,0,0,0,0,0,
118486093897,"Miami, United States",0,0,0,0,0,0,0,0,pastor,0,0,0,0,0,0,0,0,1,0,0,0,0,0,0,0,missionaries to british guiana 
118486084369,"Philadelphia, United States",1,0,0,0,0,0,0,0,,0,0,0,1,0,1,0,0,0,0,0,0,0,0,0,0,
118486069535,"Longueuil, Canada",0,0,1,0,0,1,0,1,,0,0,1,0,0,0,1,0,1,0,0,0,0,0,0,0,
118486046074,"Peterborough, Canada",0,0,0,0,0,0,0,1,,0,0,0,0,0,0,0,0,0,0,0,0,0,0,0,0,
118486022654,"Cambridge, Canada",0,0,0,0,1,0,0,0,,0,0,0,0,0,1,0,0,1,0,0,0,0,0,0,0,
118486010276,"Pointe-Claire, Canada",0,0,0,0,0,0,1,0,,0,0,0,0,0,0,0,0,0,0,0,0,0,0,0,0,art
118485970033,"Truro, Canada",1,0,0,0,0,0,0,0,,0,0,0,0,0,1,0,0,1,0,0,0,0,0,0,0,
118485936922,"London, United Kingdom",0,0,0,0,0,0,1,0,saskatoon theological union,0,0,0,0,0,0,0,0,0,0,0,0,0,0,0,0,theology
118485935898,"London, United Kingdom",0,0,0,0,0,0,1,0,saskatoon theological union,0,0,0,0,0,0,0,0,0,0,0,0,0,0,0,0,theology
118485808511,"Toronto, Canada",0,0,0,0,1,0,0,0,,0,0,0,0,0,1,0,0,0,0,0,0,0,0,0,0,
118485786457,"Brampton, Canada",0,0,0,0,1,0,0,0,,0,0,0,0,0,1,0,0,0,0,0,0,0,0,0,0,
118485589654,"Toronto, Canada",0,0,0,0,0,0,1,0,,0,0,0,0,0,0,0,0,0,0,0,0,1,0,0,0,
118485586127,"Kansas City, United States",0,0,0,0,0,0,1,0,,0,0,0,0,0,0,0,0,1,0,0,0,0,0,0,0,
118485584565,"Delta, Canada",0,0,0,0,0,0,0,0,rosslander,0,0,0,0,0,1,0,0,1,0,0,0,0,0,0,0,
118485582497,"Gloucester, Canada",0,0,0,0,0,0,1,0,,0,0,0,0,0,0,0,0,1,0,0,0,0,0,0,0,
118485562832,"Salem, United States",0,0,0,0,0,0,1,0,,0,0,0,0,0,0,0,1,0,0,0,0,0,0,0,0,
118485539236,"Ellensburg, United States",0,0,0,0,1,0,0,0,,0,0,0,0,0,0,0,0,1,0,0,0,0,0,0,0,
118485538239,"Peterborough, Canada",0,0,0,0,0,0,1,0,,0,0,0,0,0,0,0,0,1,0,0,0,0,0,0,0,
118485524347,"Prince George, Canada",0,0,0,0,0,0,1,0,,0,0,1,0,0,0,0,0,0,0,0,0,0,0,0,0,
118485507168,"Winnipeg, Canada",0,0,0,0,0,0,1,0,,0,0,0,0,0,0,0,0,0,0,0,0,0,0,0,0,
118485499593,"Calgary, Canada",0,0,0,0,0,0,1,0,,0,0,0,0,0,0,0,0,0,0,0,0,0,0,0,1,
118485465418,"Crystal Beach, Canada",0,0,0,0,0,0,0,1,,0,0,0,0,0,0,0,0,1,0,0,0,0,0,0,0,
118485460983,"Ottawa, Canada",0,0,0,0,1,0,0,0,,0,0,0,0,0,1,0,0,1,0,0,0,0,0,0,0,
118485456372,"Edmonton, Canada",0,0,0,0,1,0,0,0,independent researcher ,0,1,1,1,0,0,1,1,1,0,0,0,0,0,0,0,"physics, new sciences, economic development"
118485449129,"Montreal, Canada",0,0,0,0,1,0,0,0,,0,0,0,0,0,0,0,0,1,0,0,0,0,0,0,0,
118485442430,"Simcoe, Canada",1,0,0,0,0,0,0,0,,0,0,0,0,0,1,0,0,0,0,0,0,0,0,0,0,
118485441804,"Denver, United States",1,0,0,0,1,0,0,0,,0,0,0,0,0,1,0,0,0,0,0,0,0,0,0,0,
118485413889,"Ashford, United Kingdom",0,0,0,0,1,0,0,0,,0,0,0,0,0,0,1,0,1,0,0,0,0,0,0,0,
118485380564,"Edmonton, Canada",1,0,0,0,0,0,0,0,,0,0,0,0,0,1,0,0,0,0,0,0,0,0,0,0,
118485380447,"Rock Springs, United States",0,0,0,0,1,0,0,0,,0,0,0,0,0,0,0,0,1,0,0,0,0,0,0,0,
118485343703,"Edmonton, Canada",0,0,0,0,0,0,1,0,,0,0,0,0,0,0,0,0,0,0,0,0,0,0,0,0,social sciences
118485343086,"North Bay, Canada",1,0,0,0,0,0,0,1,,0,0,1,0,0,1,0,0,1,0,0,0,0,0,0,0,
118485328962,"Nanaimo, Canada",0,0,0,0,1,1,0,0,,0,0,0,0,0,0,0,0,1,0,0,0,0,0,0,0,railway / industrial history
118485321808,"London, Canada",1,0,0,0,1,0,0,0,,0,0,0,0,0,1,0,0,0,0,0,0,0,0,0,0,
118485312611,"Bradford, Canada",1,0,0,0,0,0,0,0,,0,0,0,0,0,1,0,0,0,0,0,0,0,0,0,0,
118485296426,"Cambridge, Canada",1,0,0,0,0,0,0,0,,0,0,0,0,0,1,0,0,1,0,0,0,0,0,0,0,
118485283576,"Toronto, Canada",0,0,0,0,0,0,1,0,,0,0,0,0,0,0,0,0,1,0,0,0,0,0,0,0,
118485277674,"Traverse City, United States",1,0,0,0,1,0,0,0,,0,0,1,0,0,0,0,0,1,0,0,0,0,0,0,0,
118485270574,"Grand Blanc, United States",1,0,0,0,0,0,0,0,,0,0,0,0,0,1,0,0,1,0,0,0,0,0,0,0,
118485257175,"St. Catharines, Canada",0,0,0,0,0,1,0,0,,0,0,0,0,0,0,0,0,1,0,0,0,0,0,0,0,
118485255119,"Camrose, Canada",0,0,0,0,1,0,0,0,,0,0,0,0,0,1,0,0,0,0,0,0,0,0,0,0,
118485242312,"Halifax, Canada",0,0,0,0,1,0,0,0,,0,0,0,0,0,1,1,0,1,0,0,0,0,0,0,0,
118485239590,"Toronto, Canada",1,0,0,0,0,0,0,0,,0,0,0,0,0,1,0,0,0,1,0,0,0,0,0,0,religion
118485224810,"Toronto, Canada",1,0,0,0,0,0,0,0,,0,0,0,0,0,1,0,0,0,0,0,0,0,0,0,0,
118485224296,"Toronto, Canada",1,0,0,0,0,0,0,0,,0,0,0,0,0,1,0,0,0,0,0,0,0,0,0,0,
118485215826,"Toronto, Canada",0,0,1,0,0,0,0,0,,0,0,0,0,0,0,0,0,0,0,0,0,1,0,0,0,
118485209736,"Prince George, Canada",0,1,0,0,0,0,0,0,,0,0,0,0,0,0,0,0,1,0,0,0,0,0,0,0,
118485201554,"Ajax, Canada",1,0,0,0,0,0,0,0,,0,0,0,0,0,1,0,0,0,0,0,0,0,0,0,0,
118485179675,"Kitchener, Canada",0,0,0,0,0,0,0,0,land surveyor,0,0,0,0,0,0,1,0,0,0,0,0,0,0,0,0,
118485138658,"Sarnia, Canada",0,0,0,0,1,0,0,0,,0,0,0,0,0,0,0,0,1,0,0,0,0,0,0,0,
118485117232,"Saskatoon, Canada",0,0,0,0,0,0,1,0,,0,0,1,0,0,0,0,0,1,1,1,0,1,0,0,0,
118485085754,"St. John's, Canada",0,0,0,0,0,1,0,0,,0,0,0,0,0,0,0,0,1,0,0,0,0,0,0,0,
118485073265,"Winnipeg, Canada",0,1,0,0,0,0,0,0,,0,0,1,0,0,0,0,0,0,0,0,0,0,0,0,0,
118485060221,"Oromocto, Canada",1,0,0,0,0,0,1,0,,0,0,0,0,0,1,0,0,0,0,0,0,0,0,0,0,
118485016612,"Ajax, Canada",0,0,0,0,0,1,0,0,,0,0,0,0,0,0,1,0,0,0,0,0,0,0,0,0,
118485010559,"Richmond, Canada",0,0,0,0,1,0,0,0,aboriginal  adoptee learning  more about my past ,0,0,1,0,0,1,0,0,0,1,1,0,0,0,0,0,
118484973121,"Austin, United States",0,0,0,0,1,0,0,0,,0,0,0,0,0,0,0,0,1,0,0,0,0,0,0,0,
118484965509,"Toronto, Canada",0,0,0,0,0,0,1,0,,0,0,0,0,0,0,0,0,1,0,0,0,0,0,0,0,
118484955793,"Nepean, Canada",1,0,0,0,0,0,0,0,,0,0,0,0,0,1,0,0,0,0,1,0,0,0,0,0,
118484884407,"Rome, Italy",0,0,0,0,0,0,0,1,,0,0,0,1,0,0,0,0,0,0,0,0,0,0,0,1,
118484881363,"Eastern Passage, Canada",1,0,0,0,0,0,0,0,,0,0,0,0,0,1,0,0,1,0,0,0,0,0,0,0,
118484809876,"Brockville, Canada",0,0,0,0,1,0,0,0,,0,0,0,0,0,1,0,0,1,0,0,0,0,0,0,0,
118484786325,"Copenhagen, Denmark",0,0,0,0,0,0,1,0,,0,0,0,0,0,0,0,0,0,0,0,0,0,0,1,0,
118484774466,"Fredericton, Canada",1,0,0,0,0,0,0,0,,0,0,0,0,0,1,0,0,0,0,0,0,0,0,0,0,
118484741848,"Clarks Summit, United States",0,0,0,0,0,0,1,0,,0,0,0,0,0,0,0,0,0,0,0,0,0,0,1,0,
118484724579,"Regina, Canada",0,0,0,0,1,0,0,0,,0,0,1,1,0,0,0,0,1,0,1,0,1,0,0,0,
118484639844,"Melbourne, Australia",1,0,0,0,0,0,0,0,,0,0,0,0,0,1,0,0,0,0,0,0,0,0,0,0,
118484609121,"Edmonton, Canada",0,0,0,0,0,0,1,0,,0,0,0,0,0,0,0,0,1,0,0,0,0,0,0,0,
118484565784,"Calgary, Canada",0,0,0,0,0,0,0,0,independent researcher,0,0,0,1,0,0,0,0,1,1,1,0,0,1,0,0,
118484565552,"Edmonton, Canada",1,0,0,0,0,0,0,0,,0,0,0,0,0,1,0,0,1,0,0,0,0,0,0,0,
118484563715,"Saskatoon, Canada",0,0,0,0,0,0,0,1,,0,0,0,0,0,0,0,1,0,0,0,1,0,1,0,1,
118484534686,N/A,1,0,0,0,0,0,0,0,,0,0,0,0,0,1,0,0,0,0,0,0,0,0,0,0,
118484515246,"Hamtramck, United States",1,0,0,0,0,0,0,0,,0,0,0,0,0,1,0,0,0,0,0,0,0,0,0,0,
118484501014,"St. Catharines, Canada",0,0,0,0,1,0,0,0,,0,0,0,0,0,1,0,0,0,0,0,0,0,0,0,0,
118484492832,"Kitchener, Canada",0,0,0,0,0,1,0,0,,0,0,0,0,0,0,0,0,1,0,0,0,0,0,0,0,
118484489227,"Watsonville, United States",0,0,0,0,1,0,0,0,,0,0,0,0,0,1,0,0,0,0,0,0,0,0,0,0,
118484459112,"Ottawa, Canada",0,0,0,0,0,0,0,0,retired,0,0,0,0,0,1,0,0,0,0,0,0,0,0,0,0,
118484452868,"Napanee, Canada",0,0,0,0,0,1,0,0,,0,0,0,0,0,0,0,0,1,0,0,0,0,0,0,0,
118484445985,"Portland, United States",0,0,0,0,0,0,1,0,,0,0,0,0,0,0,0,0,1,0,0,0,0,0,0,0,
118484441449,"Oxford, United Kingdom",0,0,0,0,0,0,1,0,,0,0,0,0,0,0,0,0,0,0,0,0,1,0,0,0,
118484405426,"Canyon Country, United States",1,0,0,0,1,0,0,0,,0,0,0,0,0,1,0,0,0,0,0,0,0,0,0,0,
118484399517,"Grimsby, Canada",1,0,0,0,1,0,0,0,,0,0,0,0,0,1,0,0,1,0,0,0,0,0,0,0,
118484387662,"Toronto, Canada",1,0,0,0,0,0,0,0,,0,0,0,0,0,1,0,0,0,0,0,0,0,0,0,0,
118484383967,"Lincoln, United States",0,0,0,0,1,0,0,0,,0,0,1,0,0,1,1,0,0,0,0,0,0,0,0,0,
118484372705,"Toronto, Canada",0,0,0,0,1,0,0,0,,0,0,0,0,0,0,0,0,1,0,0,0,0,0,0,0,
118484369551,"Toronto, Canada",0,0,0,0,0,1,1,0,,0,0,0,0,0,0,1,0,0,0,0,0,0,0,0,0,
118484367127,"Calgary, Canada",1,0,0,0,0,0,0,0,,0,0,0,0,0,1,0,0,1,0,0,0,0,0,0,0,
118484363485,"Ajax, Canada",1,0,0,0,0,0,0,0,,0,0,0,0,0,0,0,0,0,0,0,0,0,0,0,0,
118484357967,"Corner Brook, Canada",0,0,0,0,0,0,1,0,,0,0,0,0,0,0,0,0,0,0,0,0,0,0,1,0,
118484354966,"Montreal, Canada",0,0,0,0,0,0,1,0,graduate,0,0,1,0,0,0,0,0,0,0,0,0,0,0,0,0,educational studies
118484346229,"Niles, United States",1,0,0,0,0,0,0,0,,0,0,0,0,0,0,1,0,1,0,0,0,0,0,0,0,
118484344425,"Sackville, Canada",0,0,0,0,0,0,1,0,,0,0,0,0,0,1,0,0,1,0,0,0,0,0,0,0,
118484342908,"Regina, Canada",1,0,0,0,0,0,0,0,,0,0,0,0,0,1,0,0,0,0,0,0,0,0,0,0,
118484333758,"Toronto, Canada",0,0,0,0,0,0,1,0,,0,0,0,0,0,0,0,0,1,0,0,0,0,0,0,0,
118484332403,"Acton, United States",1,0,0,0,0,0,0,0,,0,0,0,0,0,1,0,0,0,0,0,0,0,0,0,0,
118484325162,"St. John's, Canada",0,0,0,0,0,0,1,0,,0,0,1,0,0,0,0,0,0,0,1,0,0,0,0,0,
118484318908,"Montreal, Canada",1,0,0,0,0,0,0,0,,0,0,0,0,0,1,0,0,1,0,0,0,0,0,0,0,
118484304565,"Winnipeg, Canada",1,0,0,0,0,0,0,0,,0,0,0,0,0,1,0,0,0,0,0,0,0,0,0,0,
118484292065,"Barrie, Canada",0,0,0,0,1,0,0,0,,0,0,0,0,0,0,1,0,1,0,0,0,0,0,0,0,
118484279393,"Duncan, Canada",0,0,0,0,1,0,0,0,,0,0,0,0,0,0,0,0,0,0,0,0,0,0,0,0,
118484275648,"Norwich, United Kingdom",0,0,0,0,1,0,0,0,,0,0,0,0,0,0,0,0,0,0,0,0,0,0,0,0,
118484275416,"Etobicoke, Canada",0,0,0,0,0,0,1,0,,0,0,0,0,0,0,0,0,1,0,0,0,0,0,0,0,
118484259968,"Calgary, Canada",0,0,0,0,0,0,0,0,university alumni,0,0,0,0,0,1,0,0,0,0,0,0,0,0,0,0,
118484255819,"Zwolle, The Netherlands",0,0,0,0,0,0,0,0,volunteer researcher canadian war cemetery,0,0,0,0,0,0,0,0,1,0,1,0,0,0,0,0,
118484253719,"Fredericton, Canada",0,0,0,0,1,0,0,0,,0,0,0,0,0,0,0,0,0,0,0,0,0,0,0,0,
118484248198,"New Minas, Canada",0,0,0,0,1,0,0,0,,0,0,0,0,0,0,0,0,1,0,0,0,0,0,0,0,
118484241064,"Poplar, United Kingdom",1,0,0,0,1,1,0,0,,0,0,0,0,0,1,0,0,1,0,0,0,0,0,0,0,
118484239726,"Dartmouth, Canada",0,0,0,0,1,0,0,0,,0,0,0,0,0,0,0,0,1,0,0,0,0,0,0,0,
118484200761,"Beaverton, United States",0,0,0,0,1,0,0,0,,0,1,0,1,0,1,0,0,1,0,1,0,0,0,0,0,
118484168087,"Kent, United States",0,0,0,0,0,0,1,0,,0,0,0,0,0,0,0,0,0,0,0,0,0,0,0,0,religion
118484161080,"Drumheller, Canada",0,0,1,0,0,0,0,0,,0,1,0,0,0,1,0,0,0,1,1,0,1,1,0,0,
118484149810,"Vancouver, Canada",0,0,0,0,1,0,0,0,,0,0,0,0,0,1,0,0,1,1,1,0,0,0,0,0,
118484140732,"Palm Springs, United States",0,0,0,0,1,0,0,0,,0,0,0,0,0,0,1,0,1,0,0,0,0,0,0,0,arctic explorers
118484137631,"Williams Lake, Canada",1,0,0,0,0,0,0,0,,0,0,0,0,0,1,0,0,0,0,0,0,0,0,0,0,
118484117295,"Scarborough, Canada",0,0,0,0,1,0,0,0,,1,0,0,0,0,0,0,0,0,0,0,0,0,0,0,0,
118484112447,"Regina, Canada",0,0,1,0,0,0,0,0,,0,0,0,0,0,0,0,0,1,0,0,0,0,0,0,0,
118484111719,"Red Deer, Canada",0,0,0,0,1,0,0,0,"minister, born/raised in alberta.  family came in covered wagon from oklahoma and settled in alberta in 1800s.  father defended canada in wwii. .",0,0,0,0,1,0,1,0,1,0,0,0,0,0,0,0,"history of, as well as current equality of each territory and province of canada. "
118484110397,"Weehawken, United States",1,0,0,0,0,0,0,0,,0,0,0,0,0,0,0,0,1,0,0,0,0,0,0,0,military history
118484102290,"Port Saint Lucie, United States",0,0,0,0,1,0,0,0,,0,0,0,0,1,0,0,0,0,0,0,0,0,0,0,0,
118484067075,"Greater Sudbury, Canada",0,0,0,0,0,0,1,0,,0,0,0,1,0,0,0,0,0,0,0,0,0,0,0,0,
118484059018,"Stayner, Canada",0,0,0,0,1,0,0,0,,0,0,0,0,0,0,0,0,1,0,0,0,0,0,0,1,
118484056107,"Cambridge, Canada",0,0,0,0,1,0,0,0,,0,0,0,0,0,0,0,0,1,0,0,0,0,0,1,0,
118484045341,"Temiscaming, Canada",0,0,0,1,0,0,0,0,,0,0,0,0,0,0,0,0,1,1,1,0,1,0,0,0,
118484043568,"Leeds, United Kingdom",0,0,0,0,0,0,1,0,,0,0,0,0,0,0,0,0,0,0,0,0,0,0,0,0,
118484040480,"Toronto, Canada",0,0,0,0,1,0,0,0,,0,0,0,0,0,0,0,0,0,0,0,0,0,0,0,0,
118484027101,N/A,0,0,0,0,1,0,0,0,,0,0,0,0,0,0,0,0,1,0,0,0,0,0,0,0,
118484026208,"Montreal, Canada",1,0,0,0,0,0,0,0,,0,0,0,0,0,0,0,0,0,0,0,0,0,0,0,0,
118484015784,"St. Albert, Canada",0,0,0,0,0,0,1,0,,0,0,0,0,0,0,0,0,1,0,0,0,0,0,0,0,
118484014031,"Montreal, Canada",0,0,0,0,0,1,0,0,,0,0,0,0,0,0,0,0,0,0,0,0,0,0,0,0,journalism 
118484007836,"Campbell River, Canada",0,0,0,0,1,0,0,0,,0,0,0,0,0,0,0,0,1,0,1,0,0,0,0,0,
118484007355,"Regina, Canada",1,0,0,0,0,0,0,0,,0,0,0,0,0,1,1,0,1,0,0,0,0,0,0,0,
118483983142,"Ottawa, Canada",1,0,0,0,0,0,0,0,,0,0,0,0,0,1,0,0,0,0,0,0,0,0,0,0,
118483977571,"Toronto, Canada",0,0,0,0,1,0,0,0,i like maps,0,0,0,0,0,0,1,0,0,0,0,0,0,0,0,0,i like roads
118483977466,"Seattle, United States",0,0,0,0,0,1,0,0,,0,0,1,1,1,0,0,0,1,0,1,0,0,0,0,0,
118483971938,"Quispamsis, Canada",0,0,0,0,1,0,0,0,,0,0,0,0,0,1,0,0,0,0,0,0,0,0,0,0,
118483959439,"Howell, United States",1,0,0,0,0,0,0,0,,0,0,0,0,0,1,0,0,1,0,0,0,0,0,0,0,
118483955625,"Fredericton, Canada",1,0,0,0,0,0,0,0,,0,0,0,0,0,1,0,0,0,0,0,0,0,0,0,0,
118483951710,"Digby, Canada",1,0,0,0,0,0,0,0,,0,0,0,0,0,1,0,0,0,0,0,0,0,0,0,0,
118483950563,N/A,0,1,1,0,0,0,0,0,municipal library employee,0,0,0,0,0,0,0,0,0,0,0,0,0,0,0,0,
118483947708,"London, Canada",0,0,0,0,0,0,1,0,,0,0,0,0,0,0,0,0,0,0,0,0,0,0,0,1,
118483934942,N/A,0,0,0,0,1,0,0,0,,0,0,0,0,0,0,0,0,1,0,0,0,0,0,0,0,
118483924660,"Attleboro, United States",1,0,0,0,1,0,0,0,,0,0,0,0,0,1,0,0,1,0,0,0,0,0,0,0,acadian history
118483922763,"Loretto, Canada",1,1,0,0,0,0,0,0,speaker & writer on historical topics,0,0,0,0,0,0,0,0,1,0,1,0,0,0,0,0,history of muskoka and of ontario
118483922361,"Vancouver, Canada",0,0,0,0,1,0,0,0,,0,0,0,0,0,0,0,1,1,0,1,0,0,0,1,0,
118483920042,N/A,0,0,0,0,0,1,0,0,,0,0,0,0,0,0,0,0,1,0,0,0,1,0,0,0,
118483919188,"Dundas, Canada",0,0,0,0,0,0,1,0,,0,0,0,0,0,0,0,0,0,0,0,1,0,0,0,0,
118483917842,"Ossining, United States",1,0,0,0,0,0,0,0,,0,0,0,0,0,0,0,0,1,0,0,0,0,0,0,0,
118483902503,N/A,0,1,0,0,0,0,0,0,,0,0,0,0,0,0,0,0,0,0,0,0,0,0,0,0,
118483901113,"Montreal, Canada",0,0,0,0,0,0,1,0,,0,0,0,0,0,0,0,0,1,0,0,0,0,0,0,0,
118483898336,"Saskatoon, Canada",0,0,0,1,0,0,0,0,,0,0,0,0,0,0,0,0,0,0,0,0,1,0,0,0,
118483871308,"Merritt, Canada",0,0,0,0,1,0,1,1,,1,0,1,1,0,1,1,0,1,1,1,1,1,1,1,1,
118483867604,"Peterborough, Canada",0,0,0,0,0,0,1,0,,0,0,0,0,0,0,0,0,0,0,0,0,0,0,0,0,
118483830297,"Truro, Canada",1,0,0,0,0,0,0,0,,0,0,0,0,0,1,0,0,1,0,0,0,0,0,0,0,
118483827659,"Nanaimo, Canada",0,0,0,0,1,0,0,0,,0,0,0,1,0,0,1,0,1,0,1,0,0,0,0,0,
118483826009,"Woodstock, Canada",1,0,0,0,0,0,0,0,,0,0,0,0,0,1,0,0,1,0,0,0,0,0,0,0,
118483825203,"St. John's, Canada",0,0,0,0,1,0,0,0,,0,0,0,0,0,0,0,0,1,0,0,0,0,0,0,0,
118483820586,"Cassopolis, United States",1,0,0,0,0,0,0,0,,0,0,0,0,0,1,0,0,0,0,0,0,0,0,0,0,
118483764464,"Fall River, Canada",0,0,0,0,0,0,1,0,,0,0,1,0,0,0,0,0,0,0,0,0,0,0,0,0,
118483708669,N/A,0,0,0,0,1,0,0,0,,0,0,0,0,0,0,0,0,1,0,0,0,0,0,0,0,
118483705390,"Langley, Canada",0,0,0,0,0,0,0,0,indigenous researcher,0,0,0,1,0,1,1,0,1,1,1,0,1,1,0,0,
118483703360,"Stoney Creek, Canada",0,0,0,0,0,0,1,0,,0,0,0,0,0,0,0,0,0,0,0,0,1,0,0,0,
118483680636,"Cambridge, Canada",0,0,0,0,1,0,0,0,,0,0,0,0,0,0,0,0,0,0,0,0,0,0,0,0,sports history
118483647014,"Chatham, Canada",1,0,0,0,0,0,0,0,,0,0,0,0,0,1,0,0,1,0,0,0,0,0,0,0,
118483643835,N/A,1,0,0,0,0,0,0,0,,0,0,0,0,0,1,0,0,0,0,0,0,0,0,0,0,
118483640405,N/A,0,0,0,0,1,0,0,0,,0,0,0,0,0,0,1,0,0,0,0,0,0,0,0,0,
118483639384,"Oshawa, Canada",0,0,0,0,1,0,0,0,,0,0,0,0,0,0,1,0,0,0,0,0,0,0,0,0,
118483639335,"Sturgeon Falls, Canada",0,0,0,0,1,0,0,0,,1,0,0,1,0,0,1,0,1,1,0,0,0,0,0,0,
118483631534,"Regina, Canada",0,0,0,0,1,0,0,0,,0,0,0,0,0,0,0,1,0,0,0,0,1,0,0,0,
118483625383,"Toronto, Canada",0,0,0,0,0,0,1,0,,0,0,0,0,0,0,0,0,1,0,0,0,0,0,0,1,religious studies
118483616894,"Kitchener, Canada",1,0,0,0,0,0,0,0,,0,0,0,0,0,1,0,0,1,0,0,0,0,0,0,0,
118483600182,"Winnipeg, Canada",0,0,0,0,0,0,1,0,,0,0,0,0,0,0,0,0,1,0,0,0,0,0,0,0,
118483598812,"Brandon, Canada",0,0,0,0,1,0,0,0,,0,0,0,0,1,1,0,0,1,1,1,0,0,0,0,0,
118483579143,"Montreal, Canada",0,0,0,0,0,0,0,0,architect heritage ,0,0,1,0,0,1,1,0,1,0,0,0,0,0,0,0,
118483564193,"Collingwood, Canada",1,0,0,0,0,0,0,0,,0,0,0,0,0,1,0,0,0,0,0,0,0,0,0,0,
118483551541,N/A,0,0,0,0,0,0,1,0,,0,0,0,0,0,0,0,0,0,0,0,0,0,0,1,0,
118483544612,"Toronto, Canada",0,0,0,0,1,0,0,0,,0,0,0,0,0,0,0,0,1,0,0,0,0,0,0,0,
118483536174,"Woodbridge, Canada",0,0,0,0,1,0,0,0,,0,0,0,0,0,0,0,1,0,0,0,0,0,0,0,0,
118483531901,"Kingston, Canada",1,0,0,0,0,0,0,0,,0,0,0,0,0,1,0,0,0,0,0,0,0,0,0,0,
118483531866,"Airdrie, Canada",0,0,0,0,0,0,1,0,,0,0,0,0,0,0,0,0,1,0,1,0,0,0,0,0,
118483523308,"Fenelon Falls, Canada",0,0,0,0,1,0,0,0,,0,0,0,0,0,1,0,0,0,0,0,0,0,0,0,0,
118483497153,"Pensacola, United States",1,0,0,0,0,0,0,0,,0,0,0,0,0,1,0,0,0,0,0,0,0,0,0,0,
118483489737,"Penticton, Canada",0,0,0,0,1,0,0,0,,0,0,0,0,0,0,0,0,0,0,0,0,0,0,0,0,military
118483461146,"Edmonton, Canada",0,0,1,0,0,0,0,0,,0,0,0,0,0,0,0,0,1,0,0,0,0,0,0,0,
118483449805,"Collingwood, Canada",0,0,0,0,1,0,0,0,,0,0,0,0,0,0,0,0,1,0,0,0,0,0,0,0,
118483447758,"Vancouver, Canada",0,0,0,1,0,0,0,0,,0,0,0,0,0,0,1,0,0,1,0,0,0,0,0,0,
118483440238,"Summerland, Canada",1,0,0,0,0,0,0,0,,0,0,0,0,0,1,0,0,0,0,0,0,0,0,0,0,
118483431202,"West Paris, United States",1,0,0,0,0,0,0,0,,0,0,0,0,0,1,1,0,0,0,0,0,0,0,0,0,
118483423493,"Toronto, Canada",0,1,0,0,0,0,0,0,analyst-library of parliament,0,0,0,0,0,0,0,0,1,0,0,0,1,0,0,1,parliament documents
118483417316,"London, Canada",1,0,0,0,1,0,0,0,,0,0,0,0,0,1,0,0,1,0,0,0,0,0,0,0,
118483393825,"Oakville, Canada",0,0,0,0,1,0,0,0,,0,0,0,0,0,0,0,0,1,0,0,0,0,0,0,0,
118483393200,"St. John's, Canada",0,0,0,0,0,0,1,0,,0,0,0,0,0,0,0,0,0,0,0,0,0,0,0,1,
118483374767,"Walkerton, Canada",1,0,0,0,0,0,0,0,,0,0,0,0,0,1,1,0,1,0,0,0,0,0,0,0,
118483374541,"Kamloops, Canada",0,0,0,0,0,0,0,0,author of early bc and canadian history,0,0,0,0,0,0,0,0,1,0,0,0,0,0,0,0,book-in-progress: who wrote the 1876 indian act?
118483358422,N/A,0,0,0,0,1,0,0,0,,0,0,0,0,0,0,0,0,1,0,0,0,0,0,0,0,
118483348870,N/A,1,0,0,0,0,0,0,0,,0,0,0,0,0,1,0,0,0,0,0,0,0,0,0,0,
118483348050,"Mitchell/Ontario, Canada",0,1,0,0,0,0,0,0,librarian,0,0,0,0,0,1,0,0,0,0,0,0,0,0,0,0,local history
118483343490,N/A,0,1,0,0,0,0,0,0,,0,0,0,0,0,1,0,0,1,0,0,0,0,0,0,0,
118483332010,"Ottawa, Canada",0,0,0,0,0,0,1,0,,0,0,0,0,0,0,0,0,0,0,0,0,0,0,0,0,humanities
118483233081,"Seattle, United States",1,0,0,0,0,0,0,0,,0,0,0,0,0,1,0,0,0,0,0,0,0,0,0,0,
118483232172,"Scarborough, Canada",1,0,0,0,0,0,0,0,,0,0,0,0,0,1,0,0,0,0,0,0,0,0,0,0,
118483215564,"Montreal, Canada",0,0,0,0,0,1,0,0,,0,0,0,0,0,1,1,0,1,0,0,0,1,0,0,0,urban studies
118483212915,"Scarborough, Canada",1,0,0,0,0,0,0,0,,0,1,0,0,0,0,0,0,0,0,0,0,0,0,0,0,
118483198203,"Hoffman, United States",0,0,0,0,0,0,0,1,,0,0,0,0,0,0,0,0,1,0,0,0,0,0,0,0,
118483197151,"Oakville, Canada",0,0,0,0,0,1,0,0,,0,0,0,0,0,0,0,0,1,0,0,0,0,0,0,0,
118483179869,"London, Canada",0,0,0,0,0,1,0,0,,0,0,0,0,0,0,0,0,1,0,0,0,0,0,0,0,baseball
118483168262,"Toronto, Canada",0,0,0,0,0,1,0,0,,0,0,0,0,0,0,0,0,1,0,0,0,0,0,0,0,
118483121435,N/A,0,1,0,0,0,0,0,0,,0,0,0,0,0,0,0,0,0,0,0,0,0,0,0,0,
118483100700,N/A,1,0,0,0,1,1,0,0,retired,0,0,0,0,0,1,0,0,1,0,0,0,0,0,0,0,
118483073966,"Brockville, Canada",0,0,0,0,1,0,0,0,,0,0,0,0,0,0,0,0,1,0,0,0,0,0,0,1,
118483066098,"Kingston, Canada",0,0,0,0,0,0,1,0,,0,0,0,0,0,0,0,0,0,0,0,0,0,0,0,0,
118483062828,"Winnipeg, Canada",0,0,0,0,0,0,1,0,,0,1,0,0,0,0,1,0,1,0,1,0,0,0,0,0,
118483050925,"Toronto, Canada",1,0,0,0,1,0,0,0,,0,0,0,0,0,1,0,0,0,0,0,0,0,0,0,0,
118483018527,"Fredericton, Canada",0,1,0,0,0,0,0,0,library assistant ,0,0,1,0,0,0,0,0,0,0,0,0,0,0,0,0,
118482986956,"Saint John, Canada",1,0,0,0,0,0,0,0,,0,0,0,0,0,1,0,0,1,0,0,0,0,0,0,0,
118482983158,"Milverton, Canada",0,0,0,0,1,0,0,0,,0,0,0,0,0,0,0,0,1,0,0,0,0,0,0,0,
118482971651,"Montreal, Canada",1,0,0,0,0,0,0,0,,0,0,0,0,0,1,0,0,1,1,1,0,0,0,0,0,
118482924591,"Paddle Prairie, Canada",0,0,0,0,0,0,0,0, missing aircraft?   1996,0,0,0,0,0,0,0,0,1,0,0,0,0,0,0,0,missing aircraft?   1996
118482875902,"St. Stephen, Canada",1,0,0,0,0,0,0,0,,0,0,0,0,0,1,0,0,1,0,0,0,0,0,0,0,
118482817224,"Surrey, Canada",0,0,0,0,0,0,1,0,,0,0,1,0,0,0,1,0,1,1,0,0,0,0,0,0,
118482746962,"Gatineau, Canada",0,0,0,0,1,0,0,0,,0,0,0,0,0,1,0,0,0,0,0,0,0,0,0,0,
118482730976,"Waterloo, Canada",0,0,0,0,0,0,1,0,,0,0,0,0,0,0,0,0,0,0,0,0,0,0,0,0,communications 
118482700856,"Woodstock, Canada",1,0,0,0,1,0,0,0,,0,0,0,0,0,1,1,0,1,0,0,0,0,0,0,0,
118482699247,"Calgary, Canada",0,0,0,0,0,0,1,0,,0,0,0,0,0,0,0,0,0,0,0,0,0,0,1,0,
118482676526,"Québec, Canada",0,0,0,0,1,0,0,0,,0,0,0,0,0,0,0,0,1,0,0,0,0,0,0,0,
118482672116,N/A,0,0,0,0,0,1,0,0,,0,0,0,0,0,0,0,0,1,0,0,0,0,0,0,0,
118482663862,"Verdun, Canada",0,0,0,0,0,1,0,0,,0,0,0,0,0,0,0,0,1,0,0,0,0,0,0,0,
118482659166,"Saskatoon, Canada",1,0,0,0,0,0,0,0,,0,0,0,0,0,0,0,0,0,0,0,0,0,0,0,0,
118482653927,"Toronto, Canada",0,0,0,0,1,0,0,0,,0,0,0,0,0,0,1,0,0,0,0,0,0,0,0,0,
118482653723,"Toronto, Canada",0,0,0,0,1,0,0,0,,0,0,0,0,0,0,1,0,0,0,0,0,0,0,0,0,
118482646949,"Ellicott City, United States",0,0,0,0,0,0,1,0,,0,0,0,0,0,0,0,0,1,0,0,0,0,0,0,0,
118482632592,N/A,0,0,0,0,1,0,0,0,,0,0,0,0,0,0,1,0,0,0,0,0,0,0,0,0,
118482630451,"St. Stephen, Canada",1,0,0,0,0,0,0,0,,0,0,0,0,0,1,0,0,0,0,0,0,0,0,0,0,
118482629591,"Greater Sudbury, Canada",1,0,0,0,0,0,0,0,,0,0,0,0,0,0,0,0,1,0,0,0,0,0,0,0,
118482619545,"Brandon, Canada",0,0,0,0,0,0,1,0,,0,0,0,0,0,0,0,0,1,0,0,0,0,0,0,0,
118482603142,"Ottawa, Canada",0,0,0,0,0,0,0,0,independent historial researcher,0,0,0,0,0,0,0,1,0,0,0,0,0,0,0,0,
118482575685,"Mississauga, Canada",0,0,0,0,1,0,0,0,,0,0,0,0,0,0,0,0,0,0,0,0,0,0,0,0,home children from barnardo homes in england
118482568315,"Ottawa, Canada",0,0,0,0,1,0,0,0,,0,0,1,1,0,0,0,0,1,0,1,0,0,0,0,0,
118482562274,"Seixal, Portugal",0,0,0,0,0,0,1,0,,0,0,0,0,0,0,1,0,0,0,0,0,0,0,0,0,
118482534870,"Regina, Canada",1,0,0,0,0,0,0,0,,0,0,0,0,0,1,0,0,0,0,0,0,0,0,0,0,
118482534091,"Kitchener, Canada",1,0,0,0,0,0,0,0,,0,0,0,0,0,1,0,0,1,0,0,0,0,0,0,0,
118482525403,N/A,0,0,0,0,0,0,0,0,looking for sports leagues,0,0,0,0,0,0,0,0,0,0,0,0,0,0,0,0,"sports, leagues"
118482508351,"Calgary, Canada",0,0,0,0,0,0,1,0,,0,0,0,0,0,0,0,0,0,0,1,0,0,0,0,0,
118482486284,"Picton, Canada",0,0,0,0,0,0,0,0,writer,0,0,0,0,0,0,0,0,1,0,0,0,0,0,0,0,
118482485565,N/A,0,0,0,0,1,0,0,0,,0,0,0,0,0,0,0,0,1,0,0,0,0,0,0,0,
118482482627,"Montreal, Canada",0,0,0,0,1,1,0,0,,0,0,0,0,0,0,0,0,1,0,0,0,0,0,0,0,
118482482302,"Penticton, Canada",1,0,0,0,0,0,0,0,,0,0,0,0,0,1,0,0,0,0,0,0,0,0,0,0,
118482461664,"Scarborough, Canada",1,0,0,0,0,0,0,0,,0,0,0,0,0,1,1,0,1,0,0,0,0,0,0,0,
118482460689,N/A,1,0,0,0,0,0,0,0,,0,0,0,0,0,1,0,0,1,0,0,0,0,0,0,1,
118482458192,"Toronto, Canada",0,0,0,0,0,0,0,0,editor,0,0,0,0,0,0,0,0,1,0,0,0,0,0,0,0,
118482440311,"Middle Sackville, Canada",0,0,0,0,0,0,1,0,,0,0,0,0,0,0,0,0,1,0,0,0,0,0,0,0,
118482438948,"Toronto, Canada",0,0,0,0,1,0,0,0,,0,0,0,0,0,0,0,0,1,0,0,0,0,0,0,0,
118482436902,N/A,0,0,0,0,0,0,1,0,,0,0,0,0,0,0,0,0,0,0,0,0,1,0,0,0,
118482432938,N/A,0,0,0,0,0,0,0,0,,0,0,0,0,0,0,1,0,0,0,0,0,0,0,0,0,
118482431823,"Richibucto, Canada",1,0,0,0,0,0,0,0,amateur genealogist,0,0,0,0,0,1,0,0,1,0,0,0,0,0,0,0,
118482431600,N/A,0,0,0,0,0,0,0,0,curious,0,0,0,0,0,0,1,0,1,0,0,0,0,0,0,1,
118482431169,"North Vancouver, Canada",0,0,0,0,0,1,0,0,,0,0,0,0,0,0,0,0,1,0,0,0,0,0,0,0,
118482428310,"Warkworth, Canada",0,0,0,0,1,0,0,0,,0,0,0,0,0,0,0,0,1,0,0,1,0,0,0,0,
118482420270,"Cambridge, Canada",0,0,0,0,1,0,0,0,,0,0,0,0,0,0,0,0,0,0,0,0,0,0,0,0,
118482415189,"Beaconsfield, Canada",1,0,0,0,0,0,0,0,,0,0,0,0,0,1,0,0,0,0,0,0,0,0,0,0,
118482412892,N/A,0,0,0,0,1,0,0,0,,0,0,0,0,0,1,0,0,0,0,0,0,0,0,0,0,
118482399681,"Ottawa, Canada",0,1,0,0,0,0,0,0,,0,0,0,1,0,1,1,0,0,0,1,0,0,0,0,0,
118482398528,N/A,0,0,0,0,1,0,0,0,,0,0,0,0,1,1,1,0,1,0,0,0,0,0,0,0,
118482382960,N/A,1,0,0,0,1,0,0,0,,0,0,0,0,0,1,0,0,1,1,1,0,0,1,0,0,
118482376327,"London, Canada",0,0,0,0,0,1,0,0,,0,0,0,0,0,0,0,0,1,0,0,0,0,0,0,0,
118482376230,"Montreal, Canada",0,1,0,0,0,0,0,0,,0,0,0,0,0,0,0,0,1,0,0,0,0,0,0,0,
118482374867,"Edmonton, Canada",0,0,0,0,0,1,0,0,,0,0,0,0,0,0,0,0,1,0,0,0,0,0,0,0,
118482371568,"Vancouver, Canada",0,0,0,0,0,0,0,1,,0,0,0,0,0,0,0,0,1,0,0,0,0,0,0,0,
118482366020,"Ottawa, Canada",0,0,1,0,0,0,0,0,,0,0,0,0,0,1,0,0,1,0,0,0,0,0,0,0,
118482365325,"Dartmouth, Canada",1,0,0,0,0,0,0,0,,0,0,0,0,0,1,0,0,0,0,0,0,0,0,0,0,
118482361466,"Charlottetown, Canada",0,0,0,0,0,0,1,0,,0,0,0,0,0,0,0,1,1,0,0,0,0,0,1,0,
118482357992,"Listowel, Canada",0,0,0,0,1,0,0,0,,0,0,0,0,0,0,0,0,1,0,0,0,0,0,0,0,
118482346565,"Fredericton, Canada",0,0,0,0,0,1,0,0,,0,0,0,0,1,0,0,0,1,0,0,0,0,0,1,0,sexuality
118482339045,"Scarborough, Canada",0,0,0,0,0,0,1,0,,0,0,0,0,0,0,0,0,1,0,0,0,0,0,0,0,
118482329340,"Burlington, Canada",0,0,0,0,1,0,0,0,,0,0,0,0,0,0,1,0,1,0,0,0,0,0,0,0,
118482322670,"Bobcaygeon, Canada",0,0,0,0,1,0,0,0,,0,0,0,0,0,0,1,0,0,0,0,0,0,0,0,0,
118482317515,N/A,0,0,0,0,1,0,0,0,,0,0,0,0,0,0,0,0,0,0,0,0,0,0,0,0,all of the above
118482315969,"Saskatoon, Canada",1,0,0,0,1,0,0,0,writing family ranch history,0,0,0,0,0,0,0,0,1,0,0,0,0,0,0,0,
118482312705,"Thunder Bay, Canada",0,0,0,0,1,0,0,1,"retired, looking to learn new things ",0,0,1,0,0,0,1,1,1,0,1,0,0,0,0,0,
118482310120,"Sarnia, Canada",1,0,0,0,1,1,0,0,,0,0,0,0,0,1,0,0,1,0,0,0,0,0,0,0,
118482297974,"London, Canada",0,0,0,0,0,0,1,0,,0,0,1,1,1,0,0,0,1,0,0,0,1,0,0,1,
118482297205,"Caledon, Canada",0,0,0,0,1,0,0,0,,0,0,0,0,0,0,0,0,1,0,0,0,0,0,0,0,
118482294686,"Montreal, Canada",0,0,0,0,0,0,1,0,,0,0,0,0,0,0,0,0,0,0,0,0,0,0,0,0,
118482288078,"Mutxamel, Spain",1,0,0,0,0,0,0,0,,0,0,0,0,0,0,0,0,0,0,0,0,0,0,0,0,
118482286691,"Toronto, Canada",0,0,0,1,0,0,0,0,,0,0,0,0,0,0,0,0,1,1,0,0,1,0,0,0,
118482284226,"Saint John, Canada",0,0,0,0,1,0,0,0,,0,0,0,0,0,1,0,0,1,0,0,0,0,0,0,0,
118482276822,N/A,0,0,0,0,0,0,1,0,,0,0,0,0,0,0,0,0,1,0,0,0,0,0,0,0,
118482275714,"Cochrane, Canada",0,0,0,0,1,0,0,0,,0,0,0,0,0,1,0,0,1,0,0,0,0,0,0,0,
118482259019,"Augusta, United States",1,0,0,0,1,0,0,0,,0,0,0,0,0,1,0,0,1,0,0,0,0,0,0,0,
118482253933,"Saint John, Canada",1,0,0,0,0,0,0,0,,0,0,0,0,0,0,0,0,0,0,0,0,0,0,0,0,
118482249776,"St. John's, Canada",0,0,1,0,0,0,0,0,,0,0,0,0,0,0,0,0,0,0,0,0,1,0,0,0,
118482248534,"Perth, United Kingdom",0,0,0,0,1,0,0,0,,0,0,0,0,0,1,0,0,0,0,0,0,0,0,0,0,
118482242507,"Ottawa, Canada",0,0,1,0,0,0,0,0,,0,0,0,0,0,1,0,0,1,0,0,0,0,0,0,0,
118482234303,"Niagara Falls, Canada",0,0,0,0,1,0,0,0,,0,0,0,0,0,0,0,0,0,0,0,0,0,0,0,0,
118482232101,N/A,0,0,0,0,1,0,0,0,,0,0,0,0,0,0,0,0,1,0,0,0,1,0,0,0,
118482229111,"St. John's, Canada",0,0,0,0,1,0,0,0,an ageless student who has achieved little apart from avbiding interests,0,0,0,0,0,0,0,0,0,0,0,0,0,0,0,0,see above
118482191103,"Saskatoon, Canada",1,0,0,0,0,0,0,0,,1,0,0,0,0,1,0,0,0,0,0,0,0,0,0,0,
118482190465,"Kingston, Canada",0,0,0,0,1,0,0,0,,0,0,0,0,0,0,0,0,1,0,0,0,0,0,0,0,
118482177459,"London, Canada",1,0,0,0,0,0,0,0,,0,0,0,0,0,0,0,0,0,0,0,0,0,0,0,0,
118482174282,"Toronto, Canada",0,1,0,0,0,0,0,0,,0,0,0,0,0,1,0,0,1,0,0,0,1,0,0,0,
118482162351,"Peterborough, Canada",0,0,0,0,1,0,0,0,,0,0,0,0,0,0,1,0,1,0,1,0,0,0,0,0,archaeology
118482144153,"Toronto, Canada",0,0,0,1,0,0,0,0,,0,0,0,0,0,0,0,0,0,0,0,0,1,0,0,0,
118482140992,"Brockville, Canada",1,0,0,0,1,0,0,0,,0,0,0,0,0,1,0,0,1,0,0,0,0,0,0,0,
118482138832,"Amsterdam, United States",1,0,0,0,0,0,0,0,,0,0,0,0,0,1,0,0,0,0,0,0,0,0,0,0,
118482109181,"Calgary, Canada",0,1,0,0,0,0,0,1,,0,0,0,0,0,0,0,0,1,0,0,0,0,0,0,0,
118482090078,"Ajax, Canada",0,0,0,0,1,0,0,0,,1,0,0,0,0,0,1,0,0,0,0,0,0,0,0,0,
118482057767,N/A,0,0,1,0,0,0,0,0,,0,0,0,0,0,0,0,0,1,0,0,0,0,0,0,0,
118482055463,"Brant, Canada",0,0,0,0,1,0,0,0,,0,0,0,0,0,0,0,0,1,0,0,0,0,0,0,0,
118482053848,"Cambridge, Canada",0,0,0,0,1,0,0,0,,0,0,0,0,0,0,0,0,1,0,0,0,0,0,0,0,
118482039904,"Pickering, Canada",1,0,0,0,0,0,0,0,,0,0,0,1,0,1,0,0,0,0,0,0,0,0,0,0,
118482022303,N/A,0,0,0,0,0,0,0,0,,0,0,0,0,0,0,1,0,1,1,1,0,0,0,0,0,
118482018960,"Toronto, Canada",0,0,0,0,0,0,0,1,,0,0,0,0,0,0,0,0,0,0,0,0,0,0,0,0,geology
118482018043,"Nepean, Canada",0,0,0,0,0,0,0,1,,1,0,1,1,0,0,1,0,1,0,0,0,0,0,0,0,
118482010943,N/A,0,0,0,0,0,0,0,0,artist,0,0,0,1,0,0,1,0,1,0,0,0,0,0,0,0,
118482009351,"Toronto, Canada",0,0,0,0,0,0,0,0,artist,0,0,0,1,0,0,1,0,1,0,0,0,0,0,0,0,
118482008392,"Toronto, Canada",0,0,0,0,0,0,0,0,artist,0,0,0,1,0,0,1,0,1,0,0,0,0,0,0,0,
118482003784,"Calgary, Canada",0,0,0,0,1,0,0,0,,0,0,0,0,0,0,1,0,0,0,0,0,0,0,0,0,
118481880475,N/A,0,0,0,0,0,0,1,0,,0,0,0,1,0,0,0,0,0,0,0,0,0,0,0,0,
118481848813,"Calgary, Canada",0,0,0,0,1,0,0,0,,0,0,0,0,0,0,0,0,0,0,0,0,0,0,1,0,
118481813159,"Vancouver, Canada",0,0,0,0,0,0,1,0,,0,0,0,0,0,0,0,0,0,0,0,0,1,0,0,0,
118481809930,N/A,0,0,0,0,0,0,1,0,,0,0,0,0,0,0,0,0,1,0,0,0,0,0,0,0,
118481773619,"Surrey, Canada",0,0,0,0,0,1,0,0,,0,0,0,0,0,0,0,0,1,0,0,0,0,0,0,0,
118481720829,"Cortland, United States",1,0,0,0,0,0,0,0,,0,0,0,0,0,1,0,0,0,0,0,0,0,0,0,0,
118481701477,N/A,0,0,0,0,0,0,1,0,,0,0,1,0,0,0,0,0,0,0,0,0,0,0,0,0,
118481701335,"London, Canada",1,0,0,0,1,0,0,0,,0,0,0,0,0,0,0,0,1,0,0,0,0,0,0,0,
118481685226,N/A,1,0,0,0,1,0,0,0,,0,0,0,0,0,0,0,0,1,0,0,0,0,0,0,0,
118481661831,"Calgary, Canada",0,0,0,0,1,0,1,0,,0,0,0,0,0,0,0,0,0,0,0,0,0,0,0,0,engineering
118481641416,"Ottawa, Canada",0,0,0,0,1,0,0,0,,0,0,0,0,0,0,1,1,1,0,0,0,0,0,1,0,
118481634697,"Toronto, Canada",0,0,0,0,0,0,1,0,,0,0,0,0,0,0,0,0,1,0,0,0,0,0,0,0,
118481622144,"Stratford, Canada",0,0,0,0,1,0,0,0,,0,0,0,0,0,1,0,0,0,0,0,0,0,0,0,0,
118481601422,N/A,0,0,0,0,0,0,0,0,,0,0,0,0,0,0,0,0,0,0,0,0,0,0,0,1,
118481597393,"Calgary, Canada",0,0,0,0,1,0,0,0,,0,0,0,0,0,1,0,0,1,0,1,0,0,1,0,0,
118481595289,N/A,1,0,0,0,0,0,0,0,,0,0,0,0,0,1,0,0,0,0,0,0,0,0,0,0,
118481572749,"Surrey, Canada",0,0,0,0,0,0,1,0,,0,0,0,0,0,0,0,0,1,0,0,0,0,0,0,0,
118481544305,"Amherst, Canada",0,0,0,0,0,1,0,0,,0,1,0,0,1,0,1,0,1,0,1,0,0,0,1,0,
118481544250,"Toronto, Canada",1,0,0,0,0,1,0,1,,0,0,0,0,0,1,0,0,1,0,0,0,0,0,0,0,archaeology
118481538177,"Bradenton, United States",1,0,0,0,0,0,0,0,,0,0,0,0,0,1,0,0,0,0,0,0,0,0,0,0,
118481527235,"Orléans, Canada",0,0,0,0,0,0,0,0,historical researcher,0,1,0,0,0,0,0,0,1,1,1,1,0,0,0,0,
118481523903,"Montreal, Canada",0,0,0,0,0,0,1,0,,0,0,0,0,0,0,0,0,1,0,0,0,0,0,0,0,
118481519686,"Dartmouth, Canada",0,0,1,0,0,0,0,0,,0,0,0,0,0,0,0,0,0,0,0,0,0,0,0,0,
118481517907,N/A,1,0,0,0,0,0,0,0,,0,1,0,0,0,0,0,0,0,0,0,0,0,0,0,0,
118481487071,N/A,1,0,0,0,0,0,0,0,,0,0,0,0,0,1,0,0,0,0,0,0,0,0,0,0,
118481468695,"Ottawa, Canada",0,0,0,0,0,1,0,0,,0,0,0,0,0,0,0,0,1,0,0,0,0,0,0,0,
118481454537,"Sydney, Canada",1,0,0,0,0,0,0,0,,0,0,0,0,0,1,0,0,1,0,1,0,0,0,0,0,
118481444581,"Nepean, Canada",0,0,0,0,0,1,1,0,,0,0,0,0,0,0,1,0,1,0,0,0,0,0,0,0,
118481443213,"London, Canada",0,0,0,0,0,1,0,0,,0,0,0,0,0,0,0,0,1,0,0,0,1,0,0,1,
118481437681,"Columbus, United States",1,0,0,0,0,0,0,0,,0,0,0,0,0,1,0,0,0,0,0,0,0,0,0,0,
118481431383,"Halifax, Canada",0,0,0,0,0,0,0,0,art research,0,0,0,0,0,0,0,0,0,0,0,0,0,0,0,0,
118481426142,"Bedford, Canada",0,1,0,1,0,0,1,0,,0,0,0,0,0,0,0,0,0,0,0,0,1,0,0,0,
118481405952,"Washington, United States",0,0,0,1,0,0,0,0,,0,0,0,0,0,0,0,0,0,0,0,0,1,0,0,0,
118481404112,"Abbotsford, Canada",0,0,0,0,0,0,0,0,graduate student,0,0,1,0,0,0,0,0,0,0,0,0,0,0,0,0,indigenous humanities
118481358971,"Bethlehem, United States",0,0,0,0,0,1,0,0,,0,0,1,0,0,0,0,0,0,0,0,0,0,0,0,0,
118481354856,N/A,0,0,0,0,0,0,1,0,,0,0,0,1,0,0,0,0,0,0,0,0,0,0,0,0,
118481354503,"Halifax, Canada",0,0,0,0,0,0,1,0,,0,0,0,0,0,0,0,0,0,0,0,0,0,0,0,0,architecture
118481328583,"Peterborough, Canada",0,0,0,0,0,0,1,0,,0,0,0,1,0,0,0,0,0,0,0,0,0,0,0,0,
118481311091,"Toronto, Canada",1,0,0,0,0,0,0,0,,0,0,0,0,0,0,0,0,1,0,0,0,0,0,0,0,
118481296866,"Kamloops, Canada",0,0,0,0,1,0,0,0,,0,0,0,0,0,1,0,0,0,0,0,0,0,0,0,0,
118481292663,"Toronto, Canada",0,0,0,0,1,0,0,0,,0,0,0,0,0,0,0,0,1,0,0,0,0,0,0,0,
118481286773,"Winnipeg, Canada",0,0,0,0,0,0,0,1,,0,0,0,0,0,0,0,0,0,0,0,0,0,0,0,0,
118481281693,"Lincoln Park, United States",1,0,0,0,0,0,0,0,,0,0,0,0,0,1,0,0,0,0,0,0,0,0,0,0,
118481266974,N/A,0,0,0,0,0,0,1,0,,0,0,0,0,0,0,1,0,0,1,1,0,0,0,1,0,
118481236813,"Puerto Vallarta, Mexico",0,0,0,0,1,0,0,0,,0,0,0,0,0,0,0,0,1,0,0,0,0,0,0,0,
118481199464,"Halifax, Canada",1,0,0,0,0,0,0,0,,0,0,1,0,0,0,0,0,1,0,0,0,0,0,0,0,remembrance & veterans
118481176000,N/A,0,0,0,0,0,0,0,0,heritage professional,0,0,0,0,0,1,1,0,1,0,0,0,0,0,0,0,
118481168463,"Pierceland, Canada",1,0,0,0,0,0,0,0,,0,0,0,0,0,1,0,0,1,0,0,0,0,0,0,0,
118481158460,"Mississauga, Canada",0,0,0,0,0,0,0,0,municipal employee engaged in property and historical research.,0,0,0,0,0,1,0,0,1,1,1,0,0,0,0,0,
118481128768,N/A,0,0,0,0,1,0,0,0,,0,0,0,0,0,0,0,0,1,0,0,0,0,0,0,0,
118481095424,"Brighton, Canada",1,0,0,0,0,0,0,0,,0,0,0,0,0,0,0,0,1,0,0,0,0,0,0,0,
118481089158,"Moncton, Canada",1,0,0,0,0,0,0,0,,0,0,0,0,0,1,0,0,0,0,0,0,0,0,0,0,
118481087302,"Clinton, United States",1,0,0,0,0,0,0,0,,0,0,0,0,0,1,0,0,0,0,0,0,0,0,0,0,
118481071385,"Sackville, Canada",0,1,0,0,0,0,0,0,,0,0,0,0,0,0,0,0,1,0,0,0,0,0,0,0,
118481058670,"Walkerton, Canada",1,0,0,0,0,0,0,0,,0,0,0,0,0,1,0,0,0,0,0,0,0,0,0,0,
118481032006,N/A,0,0,0,1,0,0,0,0,,0,0,0,0,0,0,0,0,0,1,0,0,0,0,0,0,
118481018337,"Guelph, Canada",0,0,0,1,0,0,0,0,,0,0,0,0,0,0,0,0,0,0,0,0,1,0,0,0,
118480952312,"Laval, Canada",1,0,0,0,0,0,0,0,,0,0,0,0,0,1,0,0,0,0,0,0,0,0,0,0,
118480931678,N/A,1,0,0,0,0,0,0,0,,0,0,0,0,0,1,0,0,0,0,0,0,0,0,0,0,
118480815749,N/A,0,0,0,0,0,0,1,0,,0,0,1,0,0,0,0,0,0,0,0,0,0,0,0,0,
118480768550,"Big Beach, Canada",1,0,0,0,0,0,0,0,,0,0,0,0,0,0,0,0,1,0,0,0,0,0,0,0,
118480763231,"Sarnia, Canada",1,0,0,0,1,1,0,0,history independent research ,0,0,0,0,0,1,1,0,1,1,1,0,1,0,1,0,just wanna say i love this site and plug it whenever i can. it changed my life. thank you
118480686858,"Ottawa, Canada",1,0,0,0,0,0,0,0,,0,0,0,0,0,0,0,0,1,0,0,0,0,0,0,0,
118480667347,"Williams Lake, Canada",0,0,0,0,0,0,0,0,forest history buff,0,0,0,0,0,0,0,0,0,0,0,0,0,0,0,0,douglas fir
118480666501,"Saint-Lambert, Canada",0,0,0,0,0,0,0,0,historian,0,0,0,0,0,0,0,0,0,0,0,0,0,0,0,0,canadian history
118480649198,"London, Canada",0,0,0,0,0,0,0,1,,0,0,0,0,0,0,0,0,0,0,0,0,0,0,0,0,
118480648995,N/A,1,0,0,0,0,0,0,0,,0,0,0,0,0,1,0,0,0,0,0,0,0,0,0,0,
118480641714,N/A,0,0,0,0,0,0,1,0,,0,0,0,0,0,0,0,0,0,0,1,0,0,0,0,0,
118480617081,"St. John's, Canada",0,0,0,0,0,0,1,0,,1,1,0,0,0,0,0,0,0,0,0,1,0,1,0,0,
118480614526,"Coquitlam, Canada",1,0,0,0,0,0,0,0,,0,0,0,0,0,1,0,0,1,0,0,0,0,0,0,0,
118480606219,"Sevierville, United States",0,0,0,0,1,0,0,0,,0,0,0,0,0,0,0,0,1,0,0,0,0,0,0,0,
118480604054,"Kingston, Canada",1,0,0,0,0,0,0,0,,0,0,0,0,0,1,0,0,0,0,0,0,0,0,0,0,
118480593845,"Vernon River, Canada",0,0,0,1,0,0,0,0,land surveyor,0,0,0,0,0,1,0,0,1,0,0,0,1,0,0,0,
118480589925,N/A,0,0,0,0,0,0,1,0,,0,0,0,0,0,0,0,0,0,0,0,0,0,0,0,0,architecture
118480565995,"Vancouver, Canada",0,1,0,0,0,0,0,0,,0,0,0,0,0,0,0,0,1,0,0,0,0,0,0,0,
118480564980,"Toronto, Canada",0,0,0,0,0,0,1,0,,0,0,0,0,0,0,0,0,0,0,0,0,1,0,0,0,
118480551795,"Cambridge, United States",1,0,0,0,0,0,0,0,,0,1,0,0,0,1,0,0,1,0,0,0,0,0,0,0,
118480548772,"Ottawa, Canada",0,0,0,0,1,0,0,0,,0,0,0,0,0,0,0,0,1,1,1,0,0,0,0,0,
118480542613,"Bracebridge, Canada",1,0,0,0,0,0,0,0,,0,0,0,0,0,1,0,0,0,0,0,0,0,0,0,0,
118480509951,"Peterborough, Canada",0,0,0,0,0,0,1,0,,0,0,0,0,0,0,0,0,1,0,0,0,0,0,0,0,
118480505984,"Toronto, Canada",0,0,0,0,1,0,0,0,,0,0,0,0,0,0,0,0,0,0,0,0,0,0,0,0,interior design
118480501307,"Saskatoon, Canada",0,0,0,0,0,1,1,0,,0,0,0,1,1,0,0,0,1,0,1,0,0,1,1,0,
118480498914,N/A,1,0,0,0,1,1,0,0,,0,0,0,0,0,1,0,0,1,0,0,0,0,0,0,0,
118480479133,"Toronto, Canada",0,0,0,0,0,0,0,0,journalist,0,0,0,0,0,0,0,0,1,1,1,0,1,0,1,0,ottawa vally culture
118480477796,"Brampton, Canada",1,0,0,0,0,0,0,0,,0,0,0,0,0,1,0,0,0,0,0,0,0,0,0,0,
118480477549,"Calgary, Canada",0,0,0,0,0,0,1,0,,0,0,0,0,0,0,0,0,0,0,1,0,0,0,0,0,
118480475971,N/A,0,0,0,0,1,0,0,0,,0,0,0,0,0,0,0,0,1,0,0,0,0,0,0,0,
118480473137,N/A,0,0,0,0,1,0,0,0,,0,0,0,0,0,0,0,0,1,0,0,0,0,0,0,0,
118480469930,"Victoria, Canada",0,1,0,0,0,0,0,0,,0,1,0,0,0,0,0,0,1,0,0,0,0,0,0,0,
118480469781,N/A,0,0,0,1,0,0,0,0,,0,0,0,0,0,0,0,0,0,0,0,0,1,0,0,0,
118480467390,"Toronto, Canada",1,0,0,0,0,0,0,0,,0,0,0,0,0,0,0,0,0,0,0,0,0,0,0,0,
118480439656,"Sherbrooke, Canada",0,0,0,0,0,1,0,0,,0,0,0,0,0,0,0,0,1,0,0,0,0,0,0,0,
118480431011,"Waterloo, Canada",0,0,0,0,0,0,1,0,,0,0,0,0,0,0,0,0,1,0,0,0,0,0,0,0,
118480429907,"Ottawa, Canada",0,1,0,0,0,0,0,0,archivist of the canadian society,0,0,1,0,0,0,0,0,0,0,0,0,0,0,0,0,natural sciences
118480423013,"Grimsby, Canada",0,0,0,0,1,0,0,0,,0,0,0,0,0,1,0,0,1,0,0,0,0,0,0,0,
118480416554,"Saskatoon, Canada",1,0,0,0,0,0,0,0,,0,0,0,0,0,1,0,0,0,0,0,0,0,0,0,0,
118480413856,"Ottawa, Canada",0,1,1,0,0,0,0,0,,0,1,0,0,0,0,0,0,1,0,0,0,0,0,1,0,government information
118480408052,"Lower Sackville, Canada",0,0,0,0,0,0,1,0,,0,0,0,0,0,0,0,0,0,0,0,0,0,0,0,0,anthropology
118480405777,"Montreal, Canada",0,0,0,0,0,0,1,0,,0,0,0,0,0,0,0,0,1,0,0,0,0,0,0,0,
118480394452,"Chatham, Canada",1,0,0,0,0,0,0,0,,0,0,0,0,0,0,0,0,1,0,0,0,0,0,0,0,
118480383491,"Moncton, Canada",0,0,0,0,1,0,0,0,journalist ,0,0,0,0,0,0,0,0,1,0,0,0,0,0,0,0,
118480347952,N/A,0,0,0,0,0,0,0,0,research manager,0,0,0,0,0,1,0,0,1,0,1,0,0,0,0,0,
118480343839,"Montreal, Canada",0,0,0,0,0,0,0,0,historical society researcher,0,0,0,0,0,0,0,0,1,0,0,0,0,0,0,0,
118480334858,N/A,0,0,0,0,0,0,1,0,,0,0,0,0,0,0,0,0,1,0,0,0,0,0,0,0,
118480285747,"Windsor, Canada",0,0,0,1,0,0,0,0,,0,0,0,0,0,0,0,0,1,0,0,0,1,0,0,0,
118480252891,"Calgary, Canada",0,0,0,0,0,0,1,0,,0,0,0,0,0,0,0,0,0,0,1,0,0,0,0,0,
118480252070,"Toronto, Canada",1,1,0,0,0,0,0,0,,1,1,1,0,0,0,0,0,0,0,0,0,0,0,0,0,
118480241912,"Montreal, Canada",0,0,0,0,0,0,1,0,,0,0,0,0,1,0,0,0,0,0,1,0,0,0,0,0,
118480237540,"Waterloo, Canada",0,0,0,0,0,0,1,0,,0,0,0,0,0,0,0,0,0,0,0,0,0,0,0,0,
118480230806,"Burlington, Canada",0,0,0,0,0,0,1,0,,0,0,1,0,1,0,0,0,1,1,1,0,0,0,1,0,
118480216808,"London, Canada",0,0,0,0,0,1,0,0,,0,0,0,0,1,0,0,0,1,0,1,0,0,0,1,0,black history
118480189226,"Toronto, Canada",0,0,0,0,0,1,0,0,,0,0,0,0,0,0,0,0,1,0,0,0,0,0,0,0,
118480185861,"Calgary, Canada",0,1,0,0,0,1,0,0,,0,0,0,0,1,1,0,0,1,0,1,0,0,0,0,0,
118480169995,"Toronto, Canada",0,0,0,0,0,1,0,0,,0,0,0,0,0,0,0,0,1,0,0,0,0,0,0,0,
118480144512,N/A,0,0,0,1,0,0,1,0,,0,0,0,0,0,0,0,0,1,0,0,0,1,0,0,1,
118480130893,"Providence, United States",1,0,0,0,0,0,0,0,,0,0,0,0,0,1,0,0,0,0,0,0,0,0,0,0,
118480121335,"Millbrook, Canada",0,0,0,0,1,0,0,0,,0,0,0,0,0,0,0,0,0,0,0,0,0,0,0,0,
118480107983,N/A,0,0,0,0,1,0,0,0,,0,0,0,0,0,0,0,0,0,0,1,0,0,0,0,0,
118480043689,N/A,0,0,0,0,0,0,0,0,i just enjoy the look into life,0,0,0,0,0,0,0,0,0,0,0,0,0,0,0,0,"again, just enjoy the look into life "
118479894903,N/A,0,0,0,0,0,0,1,0,,0,0,0,0,0,0,1,0,0,0,0,0,0,0,0,0,
118479893810,"Carleton Place, Canada",0,0,0,0,1,0,0,0,,0,0,0,0,0,1,0,0,0,0,0,0,0,0,0,0,
118479884045,"Halifax, Canada",0,0,0,0,1,0,0,0,,0,0,0,0,0,0,0,0,0,0,0,0,1,0,0,0,
118479838528,"Novalja, Croatia",0,0,0,0,0,0,0,0,,0,0,0,0,0,0,0,0,0,0,0,0,0,0,0,0,who
118479746651,"St. Catharines, Canada",0,0,0,0,1,0,1,0,,0,0,0,0,0,0,1,0,0,0,0,0,0,0,0,0,
118479733415,"Victoria, Canada",1,0,0,0,0,0,0,0,,0,0,0,0,0,1,0,0,1,0,0,0,0,0,0,0,
118479709467,"Toronto, Canada",0,0,0,0,0,0,1,0,,0,0,0,1,0,0,1,1,1,0,1,0,0,0,0,1,
118479702999,"Fredericton, Canada",1,0,0,0,1,0,0,0,,0,0,0,0,0,1,0,0,1,0,0,0,0,0,0,0,
118479686668,N/A,0,0,0,0,0,0,1,0,,0,0,0,0,0,0,0,0,1,0,0,0,0,0,0,0,
118479678002,"Toronto, Canada",0,0,1,0,0,0,0,0,,0,0,0,0,0,0,0,0,0,0,1,0,0,1,0,1,
118479676626,N/A,0,0,0,0,1,0,0,0,,0,0,0,0,0,0,0,0,0,0,0,0,0,0,0,0,
118479658508,N/A,1,0,0,0,0,0,0,0,,0,0,0,0,0,1,0,0,1,0,1,0,0,0,0,0,
118479652096,N/A,0,0,0,0,0,0,0,1,,0,0,1,0,0,0,0,0,0,0,0,0,0,0,0,0,
118479650245,"Surrey, Canada",0,0,0,0,0,0,1,0,,0,0,0,0,0,0,0,0,1,0,0,0,0,0,0,1,
118479645047,N/A,0,0,0,0,1,0,0,0,,0,0,0,0,0,0,0,0,1,0,0,0,0,0,0,0,
118479614318,"Toronto, Canada",0,0,0,0,1,1,0,0,,0,0,0,0,0,0,0,0,1,0,0,0,0,0,0,0,
118479599460,"London, Canada",0,0,0,0,1,0,0,0,,0,0,0,0,0,1,0,0,0,0,0,0,0,0,0,0,
118479576343,"Ottawa, Canada",0,0,1,0,0,0,0,0,,0,0,0,0,0,0,0,0,0,0,0,0,0,0,0,0,
118479573907,"Oakland, United States",0,0,0,0,1,0,0,0,,0,0,0,0,0,0,0,0,0,0,0,0,0,0,0,0,"baseball leagues, hockey league and other sport leagues"
118479547952,"Guelph, Canada",0,0,0,0,1,0,0,0,,0,0,0,0,0,0,0,0,1,0,0,0,0,0,0,0,
118479547771,N/A,0,0,0,0,1,0,0,0,,0,0,0,0,0,1,0,0,0,0,0,0,0,0,0,0,
118479526785,"Ottawa, Canada",1,0,0,0,0,0,0,0,,0,0,0,0,0,0,0,0,0,0,0,0,1,0,0,0,
118479524740,"Scarborough, Canada",0,0,0,1,0,0,0,0,,0,0,0,0,0,0,0,0,0,0,0,0,1,0,0,0,
118479512878,"Halifax, Canada",0,0,1,0,0,0,0,0,,0,0,0,0,0,0,0,0,0,0,0,0,0,0,0,0,
118479485908,"London, Canada",0,0,0,0,0,1,0,0,,0,1,0,0,0,0,0,0,1,0,0,0,0,0,1,0,
118479485169,"Mirabel, Canada",0,0,0,0,1,0,0,0,,0,0,0,0,0,0,1,0,1,0,0,0,0,0,0,0,
118479484288,N/A,0,0,0,0,0,0,1,0,,0,1,0,0,1,0,1,0,1,0,0,0,0,0,1,0,
118479484035,N/A,0,0,0,0,0,1,0,0,,0,0,0,0,0,0,0,0,1,0,0,0,0,0,0,0,
118479465617,"Montreal, Canada",0,1,0,0,0,0,0,0,librarian,0,0,0,0,0,0,0,0,0,0,0,0,0,0,0,0,
118479459695,N/A,0,1,0,1,0,0,0,0,,0,0,0,0,0,0,0,0,0,0,0,0,1,0,0,0,
118479449775,"Halifax, Canada",0,0,0,0,0,0,1,0,,0,0,0,0,1,0,0,0,1,0,0,0,1,0,0,1,
118479432266,"Tucson, United States",1,0,0,0,0,0,0,0,,0,0,0,0,0,1,0,0,0,0,0,0,0,0,0,0,
118479431103,"Windsor, Canada",1,0,0,0,1,0,0,0,,0,0,0,0,0,1,1,0,1,0,0,0,0,0,0,0,
118479422287,"Hammonds Plains, Canada",0,0,0,0,1,0,0,0,amateur historian on angling,0,0,0,1,0,0,0,0,1,0,0,0,0,0,0,0,outdoor recreation
118479405328,"Brampton, Canada",0,0,0,0,0,0,0,0,historian and editor,0,1,0,0,0,0,0,0,1,0,0,0,0,0,0,0,
118479404466,"New York, United States",1,0,0,0,0,0,0,0,,0,0,0,0,0,0,0,0,1,0,0,0,0,0,0,0,
118479397954,"Halifax, Canada",0,0,0,0,0,0,1,0,,0,0,0,0,0,0,0,0,0,0,0,0,0,0,0,0,
118479396781,N/A,0,0,0,0,0,0,1,0,,0,0,1,0,0,0,0,0,0,0,1,0,0,0,0,0,
118479396702,"Toronto, Canada",0,0,0,0,0,0,1,0,,1,0,1,0,0,0,1,0,1,0,0,0,0,0,0,0,
118479395012,N/A,0,0,0,0,0,0,1,0,,0,0,0,0,0,0,0,0,1,0,0,0,0,0,0,0,
118479353361,"Kamloops, Canada",0,0,0,0,0,0,1,0,,0,0,0,1,0,0,0,0,0,0,0,0,0,0,0,0,
118479335006,N/A,0,1,0,0,0,0,0,0,,0,0,0,0,1,0,0,0,1,0,1,0,0,0,0,0,american revolution
118479334094,"Winnipeg, Canada",1,0,0,0,0,0,0,0,,0,0,0,0,0,1,0,0,0,0,0,0,0,0,0,0,
118479331671,"Massey, Canada",0,0,0,0,0,0,0,0,mother ,0,0,0,0,0,1,0,0,0,0,0,0,0,0,0,0,
118479322936,"Toronto, Canada",0,0,0,0,1,0,0,0,,1,0,1,0,0,0,0,0,1,0,0,1,0,0,1,0,
118479309529,N/A,0,1,0,0,0,0,0,0,,0,0,0,0,0,0,0,0,0,0,0,0,0,0,1,0,
118479308893,"London, Canada",0,0,0,0,0,1,1,0,,0,0,0,0,0,0,0,0,1,0,0,0,0,0,0,0,
118479297280,"Stouffville, Canada",0,0,0,0,1,0,0,0,,0,0,0,0,0,0,0,0,1,0,0,0,0,0,0,0,
118479297099,"Kitchener, Canada",1,0,0,0,0,0,0,0,,0,0,0,0,0,1,1,0,1,0,0,0,0,0,0,0,
118479296672,"Kingston, Canada",0,1,0,0,0,0,0,0,,1,1,0,1,0,0,0,0,0,0,0,1,0,1,0,0,
118479293246,"Ashburn, United States",0,0,0,0,0,1,0,0,,0,0,0,0,0,0,0,0,1,0,0,0,0,0,0,0,
118479285408,N/A,0,1,0,0,0,0,0,0,,0,0,0,0,0,0,0,0,1,0,0,0,0,0,0,0,
118479268106,"Rock Hill, United States",1,0,0,0,0,0,0,0,,0,0,0,0,0,1,0,0,0,0,0,0,0,0,0,0,
118479261998,"St. John's, Canada",0,0,0,0,0,1,0,1,,0,0,0,0,0,0,0,0,1,0,0,0,0,0,0,0,
118479237105,"Dundas, Canada",1,0,0,0,0,0,0,0,,0,0,0,0,0,1,0,0,0,0,0,0,0,0,0,0,
118479205173,N/A,0,0,0,0,0,0,1,0,,0,0,1,0,0,0,0,0,1,0,1,0,0,0,0,0,
118479184205,"Richmond, Canada",0,0,0,0,0,0,0,0,archaeoloigist,0,0,0,0,0,1,0,0,1,1,0,0,0,0,0,0,
118479180710,"Summerside, Canada",1,0,0,0,0,0,0,0,,0,0,0,0,0,1,0,0,0,0,0,0,0,0,0,0,
118479156166,"Ottawa, Canada",1,0,0,0,1,0,0,0,,0,0,0,0,0,1,1,0,1,0,0,0,0,0,0,0,
118479149995,N/A,1,0,0,0,0,0,0,0,,0,0,0,0,0,0,0,0,0,0,0,0,0,0,0,0,
118479122501,"Stockholm, Sweden",1,0,0,0,0,0,0,0,,0,0,0,0,0,1,0,0,0,0,0,0,0,0,0,0,
118479109275,N/A,0,0,0,0,0,0,0,0,museum researcher,0,0,0,0,0,0,0,0,1,0,0,0,0,0,0,0,
118479093130,"Halifax, Canada",0,0,0,0,0,1,1,0,,0,0,0,0,1,0,0,1,1,0,1,0,0,0,0,1,
118479091012,"Rishon LeTsiyyon, Israel",1,0,0,0,0,0,0,0,,0,0,0,0,0,0,0,0,0,0,0,0,0,0,0,0,ethnic demography
118479085347,N/A,0,0,0,0,0,0,1,0,,0,0,0,0,0,0,0,0,1,0,0,0,0,1,1,0,
118479081618,N/A,1,0,1,0,1,0,0,0,,0,0,0,0,0,1,0,0,1,0,0,1,0,0,0,0,
118479057186,"Montreal, Canada",0,0,0,0,0,1,1,1,,0,0,1,0,0,1,0,0,1,0,0,0,0,0,0,0,
118479051022,"Hamilton, Canada",0,0,0,0,1,0,0,0,,0,0,0,0,0,0,0,0,0,0,0,0,0,0,0,1,
118479041569,"Saint John, Canada",1,0,0,0,0,0,0,0,,0,0,0,0,0,0,0,0,0,0,0,0,0,0,0,0,
118478996155,"Marblehead, United States",0,0,0,0,1,0,0,0,,0,0,0,0,0,1,0,0,0,0,0,0,0,0,0,0,
118478948574,N/A,0,0,0,0,1,0,0,0,,0,0,0,0,0,0,0,1,0,0,0,0,0,0,0,0,
118478921421,N/A,1,0,0,0,1,0,0,0,,0,0,0,0,0,1,0,0,0,0,0,0,0,0,0,0,
118478903830,"Sidney, Canada",0,0,0,0,1,0,0,0,,0,0,0,0,0,0,0,0,1,0,0,0,0,0,0,0,
118478901842,N/A,0,0,0,0,0,0,1,0,,0,0,0,0,0,0,0,0,0,0,1,0,0,0,0,0,
118478900378,"Waterloo, Canada",0,0,0,0,0,1,0,0,,0,0,1,0,0,0,0,0,1,0,0,0,0,0,0,0,
118478885005,N/A,0,0,0,0,0,0,1,0,,0,0,0,0,0,0,0,0,1,0,0,0,0,0,0,0,
118478877448,N/A,0,0,0,0,0,0,1,0,,0,0,0,0,0,0,0,0,1,0,0,0,0,0,0,0,
118478872824,"St. Catharines, Canada",0,0,0,0,0,1,0,0,maritime historian ,0,0,0,0,0,0,0,0,1,0,0,0,0,0,0,0,
118478869361,"London, Canada",1,0,0,0,0,0,0,0,,0,0,0,0,0,1,0,0,1,0,0,0,0,0,0,0,
118478868037,"Langley, Canada",0,0,0,0,0,0,1,0,,0,0,0,0,0,0,0,1,0,0,0,0,0,0,0,0,
118478866390,"Boulder, United States",1,0,0,0,0,0,0,0,,0,0,0,0,0,1,0,0,0,0,0,0,0,0,0,0,
118478865697,N/A,0,0,0,0,1,0,0,0,,0,0,0,0,0,1,0,0,1,0,0,0,0,0,0,0,
118478858821,N/A,1,0,0,0,0,0,0,0,,0,0,0,0,0,0,0,0,0,0,0,0,0,0,0,0,
118478850018,"Vancouver, Canada",1,0,0,0,0,0,0,0,,0,0,0,0,0,1,0,0,0,0,0,0,0,0,0,0,
118478848869,N/A,1,0,0,0,0,0,0,0,,0,0,0,0,0,1,0,0,0,0,0,0,0,0,0,0,
118478843083,N/A,1,0,0,0,1,0,0,0,,0,0,0,0,0,1,0,0,0,0,0,0,0,0,0,0,
118478836486,N/A,0,0,0,0,0,0,1,0,,0,0,0,0,0,0,0,0,0,0,0,0,0,0,0,0,
118478829819,"Antigonish, Canada",0,0,0,0,0,0,1,0,,0,0,0,0,0,0,0,0,1,0,0,0,0,0,0,0,
118478829563,"Fredericton, Canada",0,0,0,0,0,0,1,0,,0,0,0,0,0,0,0,0,1,0,0,0,0,0,0,0,anthropology/archaeology
118478820010,N/A,1,0,0,0,0,0,0,0,,0,0,0,0,0,1,0,0,0,0,0,0,0,0,0,0,
118478816735,"Brampton, Canada",1,0,0,0,0,0,0,0,,0,0,0,0,0,1,0,0,0,0,0,0,0,0,0,0,
118478812304,"Elliot Lake, Canada",0,0,0,0,1,0,0,0,,0,0,0,0,0,0,0,0,1,0,0,0,0,0,0,0,
118478812090,"Elliot Lake, Canada",0,0,0,0,1,0,0,0,,0,0,0,0,0,0,0,0,1,0,0,0,0,0,0,0,
118478805869,"Smithers, Canada",1,0,0,0,0,1,0,0,,0,0,0,0,0,1,0,0,1,0,0,0,0,0,0,0,
118478804898,N/A,0,0,0,0,0,1,0,1,,0,0,0,1,0,0,0,0,1,0,0,0,0,0,0,0,
118478795363,"Wainfleet, Canada",0,0,0,0,1,0,0,0,,0,0,0,0,0,1,0,0,0,0,0,0,0,0,0,0,
118478791236,"Ottawa, Canada",1,0,0,0,0,0,0,0,,0,0,0,0,0,1,0,0,0,0,0,0,0,0,0,0,
118478790599,"Paradise, Canada",0,0,0,0,0,0,0,1,,0,0,0,0,0,1,0,1,1,0,0,0,0,0,0,0,
118478781843,"Calgary, Canada",0,0,0,0,0,0,0,0,museum volunteer research,0,0,0,0,0,0,0,0,1,0,1,0,0,0,0,0,
118478780294,"Qualicum Beach, Canada",0,0,0,0,1,0,0,0,,0,0,0,0,0,0,0,0,1,0,0,0,0,0,0,0,
118478769773,"Laval, Canada",1,0,0,0,0,0,0,0,,0,0,0,0,0,1,0,0,1,0,0,0,0,0,0,0,
118478768176,N/A,0,0,0,0,0,0,1,0,phd student,0,0,0,0,0,0,0,0,1,0,0,0,0,0,0,0,
118478767342,"Ljubljana, Slovenia",0,0,0,1,0,0,0,0,,0,0,0,0,0,1,0,1,1,0,0,0,0,0,0,0,
118478766535,"London, Canada",0,0,0,0,0,0,1,0,,0,0,0,0,0,0,0,0,1,0,0,0,0,0,0,0,
118478766341,N/A,1,0,0,0,0,0,0,0,individual researching family history.,0,0,0,0,0,1,0,0,0,0,0,0,0,0,0,0,
118478752971,"Brooklyn, United States",0,0,0,0,0,0,1,0,,0,0,0,0,0,0,0,0,0,0,0,0,0,0,0,0,archives
118478752455,"Cambridge, Canada",0,0,0,0,1,0,0,0,,0,0,0,0,0,0,0,0,1,0,0,0,0,0,0,0,
118478751643,"Ajax, Canada",0,0,0,0,0,0,1,0,,0,0,0,0,0,0,0,0,0,0,1,0,0,0,0,0,
118478749141,N/A,0,0,0,0,0,0,1,0,,0,0,0,0,0,0,0,0,1,0,1,0,1,0,0,1,
118478748349,"Vancouver, Canada",0,0,0,0,1,0,0,0,,0,0,0,0,0,0,0,0,1,0,0,0,0,0,0,0,
118478745128,"Hamilton, Canada",0,0,0,0,1,0,0,0,,0,0,0,0,0,1,0,0,1,0,0,0,0,0,0,0,
118478744250,N/A,0,0,0,0,0,0,1,0,,0,0,0,0,0,0,0,0,1,0,0,0,0,0,0,0,
118478744044,"Dartmouth, Canada",0,0,0,0,1,0,0,0,,0,0,0,0,0,1,0,0,1,0,0,0,0,0,0,0,
118478743439,"Laval, Canada",0,0,0,0,0,0,1,0,,0,0,0,0,0,0,0,0,0,0,0,0,1,0,0,0,
118478728462,N/A,0,0,0,0,1,0,0,0,,0,0,0,0,0,0,0,0,0,1,1,0,0,0,0,0,
118478723036,"Fredericton, Canada",0,0,0,0,0,0,0,0,cinematographer,0,0,0,0,0,0,0,0,1,0,0,0,0,0,0,0,
118478720858,"North York, Canada",0,0,0,0,0,1,0,0,,0,0,0,0,0,0,0,0,1,0,0,0,0,0,0,0,
118478710903,"Moncton, Canada",0,0,0,0,0,0,0,0,historical  researcher,0,0,0,0,0,0,0,0,1,0,0,0,0,0,0,0,
118478710824,"Ottawa, Canada",0,1,0,0,0,0,0,0,,0,0,0,0,0,0,0,0,1,0,0,0,0,0,0,0,
118478707058,N/A,0,0,0,0,0,0,1,0,,0,0,1,0,0,0,0,0,0,0,0,0,0,0,0,0,
118478697095,N/A,0,0,0,0,1,0,0,0,,0,0,0,0,0,0,0,0,1,0,0,0,0,0,0,0,
118478696247,"Montreal, Canada",0,0,0,1,0,0,1,0,,0,0,0,0,0,0,0,0,1,0,0,0,1,0,1,0,
118478680086,N/A,0,0,0,0,0,0,1,0,,0,0,0,0,0,0,0,0,1,0,0,0,0,0,0,0,
118478679147,"Ottawa, Canada",1,0,0,0,0,0,0,0,,0,1,1,1,0,1,1,0,1,0,0,0,0,1,0,0,
118478678718,"Calgary, Canada",0,0,0,0,1,0,0,0,,1,0,0,0,0,0,0,0,1,0,0,0,0,0,0,0,
118478674460,"Toronto, Canada",1,0,0,0,0,0,0,0,,0,0,0,0,0,1,0,0,0,0,0,0,0,0,0,0,
118478667255,"Lansdale, United States",1,1,0,0,1,0,0,0,author,0,0,0,0,0,0,0,0,1,0,1,0,0,0,0,0,seven years war
118478663872,"New York, United States",0,0,0,0,1,0,0,0,,0,0,0,0,0,0,0,0,0,0,0,0,0,0,0,0,
118478657323,"Ottawa, Canada",0,0,0,0,1,0,0,0,,0,0,0,0,0,0,0,0,1,0,0,0,0,0,0,0,
118478645270,"Brampton, Canada",0,0,0,0,1,0,0,0,,0,0,0,0,0,1,1,0,1,0,0,0,0,0,0,0,
118478643726,"Ottawa, Canada",1,0,0,0,0,0,0,0,,0,0,0,0,0,1,0,0,0,0,0,0,0,0,0,0,
118478643072,N/A,0,0,0,0,0,0,0,0,historical consultant,0,0,0,0,0,0,0,0,1,0,0,0,0,0,0,0,
118478636356,"Keene, United States",1,0,0,0,0,0,0,0,,0,0,0,0,0,1,0,0,1,0,0,0,0,0,0,0,
118478628064,"Coimbatore, India",0,0,0,0,0,0,1,0,,0,0,0,0,0,0,0,0,1,0,0,0,0,0,0,0,
118478620346,"St Helens, United Kingdom",0,0,0,0,1,0,0,0,,0,0,0,0,0,1,0,0,0,0,0,0,0,0,0,0,
118478618766,"Cambridge, Canada",0,0,0,0,0,1,0,0,,0,0,0,0,0,0,0,0,1,0,0,0,0,0,1,0,
118478604111,N/A,0,0,0,0,1,0,0,0,,0,0,0,0,0,0,0,0,0,0,0,0,0,0,0,0,
118478584502,N/A,1,0,0,0,0,0,0,0,,0,0,0,0,0,1,1,0,1,0,1,0,0,0,0,1,
118478562174,"Burlington, Canada",0,0,0,0,0,1,0,0,,0,0,1,0,0,0,1,0,1,0,0,0,0,0,0,0,
118478554198,N/A,1,0,0,0,1,0,0,0,,0,0,0,0,0,1,0,0,1,1,0,0,0,0,0,0,
118478537138,"Castro Valley, United States",1,0,0,0,0,0,0,0,,0,0,1,0,0,1,0,0,0,0,0,0,0,0,0,0,
118478523802,"Vancouver, Canada",0,0,0,0,0,0,0,0,,1,0,0,0,0,0,0,0,0,0,0,0,0,0,0,0,
118478515409,"Toronto, Canada",0,0,0,0,0,1,0,0,,0,0,0,0,0,0,0,0,0,0,0,0,0,0,1,0,
118478515092,"Sidney, Canada",0,0,0,0,1,0,0,0,,0,0,0,0,0,0,1,1,1,0,0,0,0,0,0,0,
118478514464,"Omaha, United States",1,0,0,0,0,0,0,1,,0,1,0,0,0,1,0,0,1,0,0,1,0,0,0,0,
118478511836,N/A,0,0,0,0,0,0,1,0,,0,0,0,0,0,0,0,0,1,0,0,0,0,0,0,0,
118478507624,"Prince Albert, Canada",1,0,0,0,0,0,1,0,,0,0,1,0,0,0,0,0,0,0,0,0,0,0,0,0,
118478502316,"Toronto, Canada",0,0,0,0,1,0,0,0,,1,0,1,1,0,0,0,0,0,0,0,1,0,0,0,0,
118478499612,N/A,0,0,0,0,1,0,0,0,,0,0,0,0,0,0,0,1,0,0,0,0,0,0,0,0,
118478495970,"Lakewood, United States",1,0,0,0,0,0,0,0,,0,0,0,0,0,1,0,0,0,0,0,0,0,0,0,0,
118478491749,N/A,0,0,0,0,0,0,1,0,,0,0,0,0,0,0,0,0,1,0,0,0,0,0,0,0,
118478488171,N/A,0,0,0,0,1,0,0,0,,0,0,0,0,0,0,0,0,1,0,0,0,0,0,0,0,
118478488092,"Winnipeg, Canada",0,0,1,0,1,0,1,1,,0,0,1,0,0,0,0,0,0,0,0,0,0,0,0,0,
118478479673,"Montreal, Canada",0,0,0,0,0,0,1,0,,0,0,0,0,0,0,0,0,0,0,0,0,0,0,0,1,
118478478452,"Harvey Station, Canada",1,0,0,0,1,0,0,0,,0,0,0,0,0,0,0,0,0,0,0,0,0,0,0,0,wildlife
118478470607,"Montreal, Canada",0,0,0,0,0,1,0,0,,0,0,0,0,0,0,0,0,0,0,0,0,0,0,0,1,
118478469307,N/A,0,0,0,1,0,0,0,0,,0,0,0,0,0,0,0,0,0,1,1,0,0,0,0,0,
118478465336,N/A,0,0,0,0,0,0,1,0,,0,0,0,0,0,0,0,0,1,0,0,0,0,0,0,0,
118478463987,"Compton, Canada",0,1,0,0,0,0,0,0,archivist,0,1,1,1,1,1,0,1,1,1,1,1,0,0,1,0,
118478463702,"Cawston, Canada",0,0,0,0,0,1,0,0,,0,0,0,0,0,0,0,0,1,0,0,0,0,0,0,0,
118478462155,"Torbay, Canada",1,0,0,0,0,0,0,0,,1,1,0,0,0,1,0,0,1,0,0,0,1,0,0,0,
118478457442,N/A,0,0,0,0,1,0,0,0,,0,0,0,0,0,0,1,0,0,0,0,0,0,0,0,0,
118478450559,"Toronto, Canada",0,0,0,0,1,0,0,0,,0,0,0,0,0,0,0,0,1,0,0,0,0,0,0,0,
118478449893,"Airdrie, Canada",1,0,0,0,0,0,0,0,,0,0,0,0,0,1,0,0,0,0,0,0,0,0,0,0,
118478443133,N/A,0,0,0,0,0,0,1,0,,0,0,0,0,0,0,0,0,0,0,0,0,1,0,1,0,
118478433166,N/A,0,1,0,0,0,0,0,1,,0,0,1,0,0,0,0,0,0,0,0,0,0,0,0,0,
118478429795,N/A,0,0,0,0,1,0,0,0,,0,0,0,0,0,1,0,0,0,0,0,0,0,0,0,0,
118478429517,"Moncton, Canada",0,0,0,0,0,0,0,0,historian,0,0,0,0,0,0,0,0,1,0,0,0,0,0,0,0,
118478426144,N/A,1,0,0,0,1,0,0,0,,0,0,0,0,0,0,0,0,1,0,0,0,0,0,0,0,
118478413279,N/A,0,0,0,0,1,0,0,0,,1,0,0,0,0,0,0,0,0,0,0,0,0,0,0,0,
118478408453,N/A,0,0,0,0,0,0,1,0,,0,0,0,0,0,0,0,0,0,0,0,0,0,1,0,0,
118478405578,"Stevensville, Canada",0,0,0,0,1,0,0,0,,0,0,0,0,0,0,1,0,1,0,0,0,0,0,0,0,
118478399799,"Thorold, Canada",0,0,0,0,0,0,1,0,,0,0,0,0,0,0,0,0,1,0,0,0,0,0,0,0,
118478397121,"Kingston, Canada",0,0,0,0,0,0,1,0,,0,0,0,0,0,0,0,0,1,0,0,0,0,0,0,0,
118478392654,"Vancouver, Canada",0,0,0,0,1,0,0,0,,0,0,0,0,0,0,0,0,1,0,0,0,0,0,0,0,
118478391378,"Montreal, Canada",1,0,0,0,0,0,0,0,,1,0,0,0,0,1,0,0,1,0,0,0,0,0,0,0,
118478385322,"Kitchener, Canada",1,0,0,0,1,0,0,0,blogger,0,0,0,0,0,0,0,0,1,0,0,0,0,0,0,0,
118478384621,N/A,0,0,0,0,1,0,0,0,,1,0,0,0,0,1,1,0,1,0,0,1,0,0,0,0,
118478378843,"Charlottesville, United States",1,0,0,0,0,0,0,0,,0,0,0,0,0,1,0,0,0,0,0,0,0,0,0,0,
118478372836,N/A,0,0,0,0,1,0,0,0,,0,0,0,0,0,1,0,0,1,0,0,0,0,0,0,0,
118478352385,"Ottawa, Canada",0,0,0,0,1,0,0,0,,0,0,0,0,0,0,0,0,1,0,0,0,0,0,1,0,
118478349451,"Edinburgh, United Kingdom",0,0,0,0,0,0,1,0,,0,0,0,0,0,0,0,0,0,0,0,0,0,0,0,0,
118478347397,N/A,0,0,0,0,1,0,0,0,,0,0,0,0,0,1,0,0,1,0,1,0,1,0,0,0,
118478342022,"Toronto, Canada",1,0,0,0,1,0,0,0,,0,0,0,0,0,1,0,0,0,0,0,0,0,0,0,0,
118478335075,"Brossard, Canada",0,0,0,0,0,0,0,1,,0,0,0,0,0,0,0,0,0,0,0,0,0,0,0,0,
118478332949,"Toronto, Canada",0,0,0,0,1,0,1,0,,1,0,0,0,0,0,0,0,1,0,1,0,0,0,0,0,
118478318473,N/A,0,0,0,0,1,0,0,0,,0,0,0,0,0,0,0,1,0,0,0,0,0,0,0,0,
118478318171,"Montreal, Canada",0,0,0,0,1,0,0,0,,0,0,0,0,0,1,1,0,1,0,0,0,0,0,0,0,
118478309791,"Calgary, Canada",0,1,0,0,0,1,0,0,,0,0,0,0,1,1,0,0,1,0,1,0,0,0,0,0,
118478303590,"Hillsborough, United States",0,0,0,0,1,0,0,0,"u.s. based,researcher ",0,0,0,0,0,0,0,0,1,0,1,0,0,0,0,0,john honeyman- spy for washington at trenton
118478302115,"Toronto, Canada",0,0,0,0,1,0,0,0,,1,0,0,1,0,1,0,0,1,0,0,0,0,0,0,0,
118478298660,N/A,1,0,0,0,1,0,0,0,,0,0,0,0,0,1,1,0,1,0,0,0,0,0,0,0,
118478291840,"Montreal, Canada",0,0,0,0,1,0,0,0,,0,0,0,0,0,0,1,0,1,0,0,0,0,0,0,0,
118478264355,"Fredericton, Canada",1,0,0,0,0,0,0,0,,0,0,0,0,0,1,0,0,1,0,0,0,0,0,0,0,
118478257174,"Braunschweig, Germany",0,0,0,0,0,0,0,0,,0,0,0,0,0,0,0,0,0,0,0,0,0,0,0,1,
118478248900,N/A,0,0,0,0,0,0,1,0,,0,0,0,1,0,0,0,0,0,0,0,0,1,0,0,0,
118478248230,"Spokane, United States",0,0,0,0,1,0,0,0,,0,0,0,0,0,0,0,0,1,0,0,0,0,0,0,0,
118478188153,"Mission, Canada",1,0,0,0,0,0,0,0,,0,0,0,0,1,1,0,0,1,0,0,0,0,0,0,0,
118478187790,"Vancouver, Canada",0,0,0,0,1,0,0,0,,0,0,0,0,0,0,0,0,1,0,0,0,0,0,0,0,
118478187746,"Colorado Springs, United States",1,0,0,0,0,0,0,0,,0,0,0,0,0,1,1,0,1,0,0,0,1,0,0,1,
118478173076,"Toronto, Canada",0,0,0,0,1,1,0,0,historian,0,0,0,0,0,0,0,0,1,0,0,0,0,0,0,0,
118478173032,"Richmond Hill, Canada",0,0,0,0,1,0,0,0,,0,0,0,0,0,0,0,0,1,0,0,0,1,0,0,0,
118478155651,N/A,0,0,0,0,1,0,0,0,,0,0,0,0,0,1,0,0,0,0,0,0,0,0,0,0,
118478155219,"Moncton, Canada",1,0,0,0,0,0,0,0,,0,0,0,0,0,1,0,0,0,0,0,0,0,0,0,0,
118478153244,"Strathroy, Canada",1,0,0,0,0,0,0,0,,0,0,0,0,0,1,0,0,0,0,0,0,0,0,0,0,
118478152814,"Edmonton, Canada",0,0,0,0,1,0,0,0,,0,0,0,0,0,1,0,0,1,0,1,0,0,0,0,0,
118478149976,N/A,0,0,0,0,0,0,0,0,,0,0,0,0,0,1,0,0,1,0,0,0,0,0,0,0,
118478144263,N/A,0,0,0,0,1,0,0,0,,0,0,0,0,0,0,0,0,1,0,0,0,0,0,0,0,
118478140401,"Stockholm, Sweden",0,0,0,0,1,0,0,0,,0,0,0,0,0,1,0,0,0,0,0,0,0,0,0,0,
118478134839,"Moncton, Canada",0,1,0,0,0,0,0,0,,0,0,0,0,0,0,0,0,1,0,0,0,0,0,0,0,
118478118771,N/A,0,0,0,0,0,0,0,0,research consultant,0,0,0,0,0,0,0,0,1,0,0,0,0,0,0,0,
118478111359,N/A,1,0,0,0,1,0,0,0,,0,0,0,0,0,1,1,0,1,0,0,0,0,0,0,0,
118478100509,"Ottawa, Canada",0,0,0,0,0,0,0,0,i work at a university,0,0,0,0,0,0,0,1,1,0,0,0,1,0,1,0,
118478094807,"Hamilton, Canada",1,0,0,0,0,0,0,0,,0,0,0,0,0,1,0,0,0,0,0,0,0,0,0,0,
118478081421,"Toronto, Canada",0,0,0,0,0,1,0,0,,0,0,0,0,0,0,0,0,0,0,1,0,0,0,0,0,
118478081381,"Ottawa, Canada",0,0,0,0,1,0,0,0,,0,0,0,0,0,1,0,0,1,0,0,0,0,0,0,0,
118478053872,"Saint-Jean-sur-Richelieu, Canada",1,0,0,0,0,0,0,0,,0,0,0,0,0,1,0,0,0,0,0,0,0,0,0,0,
118478036312,"St. John's, Canada",0,0,0,0,0,0,1,0,,0,0,0,0,0,0,0,0,1,0,0,0,0,0,0,0,
118478034992,N/A,1,0,0,0,0,0,0,0,,0,0,0,0,0,1,0,0,0,0,0,0,0,0,0,0,
118478025960,"Vankleek Hill, Canada",0,0,0,0,1,0,0,0,,0,0,0,0,0,0,0,0,1,0,0,0,0,0,0,0,railway history
118478025140,"Nashville, United States",1,0,0,0,0,0,0,0,,0,0,0,0,0,1,0,0,1,0,0,0,0,0,0,0,
118478020410,"Banff, Canada",0,0,1,0,0,0,0,0,,0,0,0,1,0,0,0,0,1,0,1,0,0,1,1,0,
118478017968,"Peterborough, Canada",1,0,0,0,0,0,0,0,,0,0,0,0,0,1,0,0,0,0,0,0,0,0,0,0,
118478017590,"Lynnfield, United States",1,0,0,0,0,0,0,0,,0,0,0,0,0,1,0,0,1,0,0,0,0,0,0,0,
118478015288,N/A,0,1,0,0,0,0,0,0,librarian,0,0,0,0,0,1,0,0,0,0,0,0,0,0,0,0,
118478013282,"Calgary, Canada",0,1,0,0,0,0,0,0,,0,0,0,0,0,0,0,0,1,0,0,0,1,0,0,0,
118478004171,"Edmonton, Canada",0,0,0,1,0,0,0,0,,0,0,0,0,0,0,0,0,0,0,1,0,0,0,0,1,
118478002278,"Edmonton, Canada",1,0,0,0,0,0,0,0,,0,0,0,0,0,1,0,0,1,0,0,0,0,0,0,0,
118478001215,"Niagara-on-the-Lake, Canada",0,0,0,0,0,0,0,0,museum volunteer,0,0,0,0,0,0,0,0,0,0,0,1,0,0,0,0,
118477999369,"St. Thomas, Canada",0,0,0,0,1,0,0,0,professional land surveyor,0,0,0,0,0,0,0,0,1,1,1,0,1,0,0,0,
118477985846,"Kansas City, United States",0,0,0,0,0,0,1,0,,0,0,0,0,0,0,0,0,1,0,0,0,0,0,0,0,
118477984199,"Sackville, Canada",0,1,0,0,0,0,0,0,,0,0,0,0,0,0,0,0,1,0,0,0,0,0,0,0,
118477976542,"Hamilton, Canada",1,0,0,0,0,0,0,0,,0,0,0,0,0,0,0,0,0,0,0,0,0,0,0,0,
118477975032,"Fredericton, Canada",0,0,0,0,1,0,0,0,,0,0,0,0,0,0,0,0,1,0,0,0,0,0,0,0,
118477970630,"Prince George, Canada",0,0,0,0,1,0,0,0,,0,0,0,0,0,0,0,0,1,0,0,0,0,0,0,0,
118477969306,"Toronto, Canada",0,0,0,0,0,0,1,0,,0,0,1,0,0,0,0,0,0,0,0,0,0,0,0,0,
118477968497,"Delta, Canada",0,0,0,1,0,0,0,0,,0,0,0,0,0,0,0,0,0,1,0,0,0,0,0,0,
118477961173,"Mortsel, Belgium",1,0,0,0,0,0,0,0,,0,0,0,0,0,1,0,0,0,0,0,0,0,0,0,0,
118477956633,"Toronto, Canada",0,0,0,0,1,0,0,0,,0,0,0,0,0,0,0,0,1,0,0,0,0,0,0,0,
118477954509,"Winnipeg, Canada",0,0,0,0,0,0,1,0,,0,0,0,0,0,0,0,0,0,0,1,0,0,0,0,0,
118477953932,"St. Marys, Canada",1,0,0,0,0,0,0,0,,0,0,0,0,0,0,0,0,0,0,1,0,0,0,0,0,
118477953691,"Halifax, Canada",1,0,0,0,0,0,0,0,,0,0,0,0,0,1,0,0,0,0,0,0,0,0,0,0,
118477927269,"Ottawa, Canada",0,0,1,0,0,0,0,0,,0,0,0,0,0,0,0,0,0,0,0,0,1,0,0,0,
118477924684,"Halifax, Canada",1,0,0,0,0,0,0,0,,0,0,0,0,0,0,1,0,0,0,0,0,0,0,0,0,
118477915718,"Toronto, Canada",0,0,0,1,0,0,0,0,,0,0,0,0,0,0,0,0,0,0,0,0,1,0,0,0,
118477906753,N/A,0,1,0,0,0,0,0,0,,0,0,0,0,0,0,0,0,0,0,0,1,0,0,0,0,
118477899597,"Cheticamp, Canada",0,0,0,0,1,0,0,0,,0,0,0,0,0,0,0,0,1,0,0,0,0,0,0,0,
118477892480,"Avon, United States",1,0,0,0,0,0,0,0,,0,0,0,0,0,1,0,0,0,0,0,0,0,0,0,0,
118477885369,N/A,0,0,0,0,0,0,1,0,,0,0,0,0,0,0,0,0,0,0,0,0,0,0,0,0,psychotherapy and theology
118477884121,"Nice, France",0,0,0,0,0,0,0,0,retired history professor,0,0,0,0,0,0,0,0,1,0,0,0,1,0,0,0,
118477869718,"London, Canada",1,0,0,0,1,0,0,0,volunteer house history researcher,0,0,0,1,0,1,0,0,1,0,0,0,0,0,0,0,
118477862888,"Maple, Canada",0,0,0,0,0,0,0,1,,0,0,0,0,0,0,0,0,0,0,0,0,0,0,0,0,
118477858864,"Winnipeg, Canada",0,1,0,0,0,0,0,0,,0,0,0,0,1,0,0,0,0,0,1,0,0,0,0,0,library and information studies
118477850344,"Valleyview, Canada",1,0,0,0,1,0,0,0,,0,0,1,0,0,0,0,0,1,0,0,0,0,0,0,0,
118477814549,N/A,1,0,0,0,1,0,0,0,,0,0,0,0,0,1,0,0,1,0,0,0,0,0,0,0,
118477796299,"Ottawa, Canada",0,0,0,1,0,0,0,0,,0,0,0,0,0,0,0,0,1,1,0,0,0,0,0,0,
118477793644,"London, Canada",0,0,0,0,1,0,0,0,,0,0,0,0,0,0,0,0,1,0,0,0,0,0,0,0,researching canadian soldiers. 
118477771611,"Kentville, Canada",1,0,0,0,0,0,0,0,,0,0,0,0,0,0,0,0,0,0,0,0,0,0,0,0,
118477749325,"Indianapolis, United States",1,0,0,0,0,0,0,0,,0,0,0,0,0,0,0,0,0,0,1,0,0,0,0,0,
118477714865,"Stoney Creek, Canada",1,0,0,0,1,0,0,0,,0,0,0,0,0,1,0,0,1,0,0,0,0,0,0,0,
118477707045,"Melbourne, Australia",0,0,0,0,0,1,0,0,,0,0,0,0,0,0,0,0,1,0,0,0,0,0,0,0,youth studies
118477691391,"Edmonton, Canada",0,1,0,0,0,0,0,0,,0,0,0,0,0,0,0,0,0,0,0,0,0,0,0,0,all
118477636239,N/A,1,0,0,0,0,0,0,0,,0,0,0,0,0,0,0,0,1,0,0,0,0,0,0,0,british home children
118477629442,N/A,1,0,0,0,0,0,0,0,,0,0,0,0,0,1,1,0,1,0,0,0,1,0,0,1,
118477601483,"Waterloo, Canada",0,0,0,0,0,0,1,0,,0,0,0,1,0,0,1,0,0,0,0,0,0,0,0,0,
118477588425,N/A,0,0,0,0,0,0,1,0,,0,0,0,0,0,0,0,0,0,0,0,0,1,0,0,0,
118477587312,"Toronto, Canada",0,0,0,0,1,0,0,0,,0,0,0,0,0,0,0,0,1,0,0,0,0,0,1,0,
118477550522,"Dallas, United States",1,0,0,0,0,0,0,0,historical fiction writer,0,0,0,0,0,1,0,0,1,0,0,0,0,0,1,0,
118477544653,N/A,0,0,0,0,1,0,0,0,,0,0,0,0,0,0,0,0,1,0,0,0,0,0,0,0,
118477540097,"Halifax, Canada",0,0,0,0,0,0,0,0,immigrant,0,0,0,0,0,0,0,0,1,0,0,0,0,0,0,0,
118477538767,"Victoria, Canada",0,0,0,0,0,0,1,0,,0,0,0,0,0,0,0,0,0,0,0,0,0,0,0,1,
118477535896,"Calgary, Canada",0,0,0,0,0,1,1,0,,0,0,0,0,1,0,0,0,1,0,0,0,0,0,1,0,
118477534719,"Vernon, Canada",1,0,0,0,1,0,0,0,,0,0,0,0,0,1,0,0,1,0,0,0,0,0,0,0,
118477533812,N/A,1,0,0,0,0,0,0,0,,0,0,1,0,0,1,0,0,1,0,0,0,0,0,0,0,
118477533710,"Grande Cache, Canada",1,0,0,0,0,0,0,0,,0,0,1,0,0,1,0,0,1,0,0,0,0,0,0,0,
118477530736,"Toronto, Canada",1,0,0,0,1,1,0,0,historian,0,0,0,0,0,0,0,0,1,0,0,0,0,0,0,1,
118477525389,"Wasaga Beach, Canada",1,0,0,1,1,0,0,0,,0,0,0,0,0,1,1,1,1,0,0,0,1,0,0,1,
118477520576,"Dartmouth, Canada",1,0,0,0,0,0,0,0,,0,0,0,0,0,1,0,0,1,0,0,0,0,0,0,0,
118477515992,N/A,0,0,0,0,0,0,1,0,,0,0,0,0,0,0,0,0,0,0,0,0,0,0,0,0,
118477508274,"Barraute, Canada",0,0,0,0,0,1,0,0,,0,0,0,0,0,0,0,0,0,0,1,0,0,0,0,0,
118477502622,"Dorval, Canada",1,0,0,0,0,0,0,0,,0,0,0,0,0,0,0,0,0,0,0,0,0,0,0,0,
118477500393,"Stittsville, Canada",1,0,0,0,0,0,0,0,,0,0,0,0,0,1,0,0,0,0,0,0,0,0,0,0,
118477497845,"St. Catharines, Canada",0,0,0,0,0,0,1,0,,0,0,0,0,0,0,0,0,1,0,0,0,0,0,0,0,
118477485587,N/A,0,0,0,0,1,0,0,0,,0,1,0,0,0,1,0,0,1,0,1,0,1,0,0,1,
118477481582,N/A,1,0,0,0,0,0,0,0,,0,0,0,0,0,1,0,0,0,0,0,0,0,0,0,0,military 
118477480957,"Oshawa, Canada",0,0,0,0,0,0,1,0,,0,0,0,0,0,0,0,0,0,0,0,0,1,0,0,0,
118477473023,"Ottawa, Canada",0,0,0,0,0,1,1,0,,0,0,0,0,0,0,0,0,1,0,0,0,1,0,0,0,
118477464644,"Toronto, Canada",0,0,0,0,0,1,0,0,,0,0,0,1,0,0,0,0,1,0,0,0,0,0,0,0,
118477463644,"Ottawa, Canada",0,0,0,0,0,0,0,0,public historian,0,0,0,0,0,0,0,0,1,0,0,0,0,0,0,0,
118477460761,N/A,0,0,0,0,0,0,0,1,,0,0,0,0,0,0,0,0,1,0,0,0,0,0,0,0,
118477448369,"Fredericton, Canada",1,0,1,0,0,0,0,0,,0,0,0,0,0,1,0,0,1,0,0,0,0,0,0,0,local history
118477445714,"Niagara Falls, Canada",1,0,0,0,1,0,0,0,,0,0,0,0,0,1,0,0,1,0,0,0,0,0,0,0,
118477444059,"Toronto, Canada",1,0,0,0,0,1,1,0,,0,0,0,0,0,1,0,0,1,0,0,0,0,0,0,0,
118477439625,N/A,0,0,0,0,1,0,0,0,,0,0,0,0,0,1,0,0,0,0,0,0,0,0,0,0,
118477432934,"Dartmouth, Canada",1,0,0,0,1,0,0,0,,0,0,0,0,0,1,1,0,1,0,0,0,0,0,0,0,
118477430891,"Orillia, Canada",1,0,0,0,0,0,0,0,,0,0,0,0,0,1,0,0,0,0,0,0,0,0,0,0,
118477430371,"Richmond Hill, Canada",0,0,0,0,1,0,0,0,,0,0,0,0,0,0,0,0,1,0,0,0,0,0,0,0,
118477427502,N/A,1,0,0,0,0,0,0,0,,0,0,0,0,0,1,0,0,0,0,0,0,0,0,0,0,
118477420956,"Vancouver, Canada",0,0,0,0,0,0,0,0,independent scholar,0,0,0,0,0,0,1,0,1,1,1,0,0,0,0,0,
118477418756,"Los Angeles, United States",1,0,0,0,0,0,0,0,,0,0,1,0,0,1,1,1,1,1,1,0,1,1,1,1,
118477416367,"Denver, United States",1,0,0,0,0,0,0,0,,0,0,0,0,0,1,0,0,0,0,0,0,0,0,0,0,
118477416027,N/A,1,0,0,0,0,0,0,0,,0,0,0,0,0,0,0,0,1,0,0,0,0,0,0,0,
118477415867,"Halifax, Canada",0,0,0,0,0,0,0,0,amateur historian,0,0,0,0,0,0,0,0,1,0,0,0,0,0,0,0,
118477409842,"Toronto, Canada",0,0,0,1,0,0,0,0,,0,0,0,0,0,0,0,0,0,1,1,0,0,0,0,0,
118477407622,"Halifax, Canada",0,0,0,0,1,0,0,0,,0,0,0,0,0,0,0,0,1,0,0,0,0,0,0,0,
118477393928,"Guelph, Canada",0,1,0,0,0,0,0,0,"librarian, heritage advocate and speaker",0,0,0,0,0,0,0,0,1,0,0,0,0,0,0,0,
118477388551,N/A,0,0,0,0,0,0,1,0,,0,0,0,0,0,0,0,0,1,0,0,0,0,0,0,0,
118477385805,"Freedom, United States",0,0,0,0,1,0,0,0,,0,0,0,0,0,0,0,0,1,0,0,0,0,0,0,0,
118477376879,N/A,0,0,0,0,0,0,1,0,,0,0,0,0,0,0,0,0,0,0,0,0,0,0,0,0,
118477376169,"Scarborough, Canada",0,0,0,0,0,0,0,1,,0,0,0,0,0,0,0,0,1,0,0,0,0,0,0,0,
118477376123,N/A,0,0,0,0,0,0,1,0,,0,0,0,0,0,0,0,0,1,0,0,0,0,0,0,0,
118477372426,N/A,0,0,0,0,0,0,1,0,,0,0,0,0,0,0,0,0,0,0,0,0,0,0,0,0,folklore
118477367367,"Toronto, Canada",0,0,0,0,0,1,0,0,,0,0,0,0,0,0,0,0,1,0,0,0,0,0,0,0,
118477362153,"Sackville, Canada",0,1,0,0,0,0,0,0,,0,0,0,0,0,0,0,0,1,0,0,0,0,0,0,0,
118477362113,"Conception Bay South, Canada",0,0,0,0,0,0,1,0,,0,0,0,1,0,0,0,0,0,0,0,0,0,0,0,0,
118477343073,"Dieppe, Canada",1,0,0,0,0,0,0,0,,0,0,0,0,0,1,0,0,0,0,0,0,0,0,0,0,
118477342943,"Mestre, Italy",0,0,0,0,0,0,0,1,,0,1,0,0,0,0,0,0,1,0,0,0,0,0,0,0,
118477340669,"Elliot Lake, Canada",0,0,0,0,1,0,0,0,,0,0,0,0,0,0,0,0,1,0,0,0,0,0,0,0,
118477332532,"Toronto, Canada",0,0,0,0,1,0,0,0,,0,0,0,0,0,1,0,0,1,0,0,0,0,0,0,0,
118477328399,"Toronto, Canada",0,0,0,0,0,0,1,0,,0,0,0,0,0,0,0,0,1,0,0,0,0,0,0,0,
118477327548,"St. John's, Canada",0,1,0,0,0,0,0,0,library assistant,0,0,0,0,0,0,0,0,0,0,0,0,0,0,0,0,
118477321897,"Nanaimo, Canada",0,0,0,0,1,0,0,0,,0,0,1,0,0,1,0,0,0,1,1,0,0,1,0,0,
118477321426,N/A,0,0,0,0,0,0,1,0,,0,0,0,0,0,0,0,0,0,0,0,0,0,0,0,1,
118477302799,"Toronto, Canada",0,0,0,0,0,0,1,0,,0,0,1,0,0,0,0,0,1,0,0,0,0,0,0,0,
118477298240,N/A,0,0,0,0,0,0,0,1,,0,0,0,0,1,0,0,1,1,0,0,0,0,0,0,0,
118477295081,N/A,1,0,0,0,1,0,0,0,,0,0,0,0,0,1,0,0,1,0,0,0,0,0,0,0,
118477290653,"Kitchener, Canada",0,0,0,0,0,0,1,0,,0,0,1,0,1,0,0,0,0,0,0,0,0,1,1,0,
118477290351,N/A,0,1,0,0,0,0,0,0,,0,0,0,0,0,0,0,0,1,0,0,0,0,0,0,0,
118477285832,"Edmonton, Canada",0,0,0,0,0,0,0,0,professional historian,0,0,0,0,0,0,0,0,1,0,0,0,0,0,0,0,
118477248210,"Windsor, Canada",1,0,0,0,0,0,0,0,,0,0,0,0,0,1,0,0,1,0,0,0,0,0,0,0,old photos being preserved and shared
118477244381,"Ottawa, Canada",0,1,1,0,0,0,0,0,government reference librarian,0,0,0,0,0,0,0,0,1,0,0,1,1,0,0,0,
118477238033,N/A,0,0,0,0,0,0,0,0,retired professor of history,0,0,0,0,0,0,0,0,1,0,0,0,1,0,0,0,
118477219184,"Penticton, Canada",0,0,0,0,0,0,0,0,historical society researcher,0,0,0,0,0,0,0,0,1,0,0,0,0,0,0,0,
118477219180,N/A,1,0,0,0,0,0,0,0,,0,0,0,0,0,1,0,0,0,0,0,0,0,0,0,0,
118477218737,"Chelsea, United Kingdom",0,0,0,0,0,0,1,0,,0,0,0,0,0,0,0,0,0,0,0,0,0,0,0,0,
118477195084,"Toronto, Canada",0,0,0,0,0,0,1,0,,0,0,0,0,0,0,0,0,1,0,0,0,0,0,0,0,
118477190063,N/A,0,0,0,0,0,0,1,0,,0,0,1,0,0,0,0,0,0,0,0,0,0,0,0,0,
118477175892,"St. John's, Canada",0,0,0,0,0,0,0,0,independent researcher and writer,0,0,0,0,0,0,0,0,1,0,0,0,0,0,0,0,visual art
118477150378,"Toronto, Canada",0,0,0,0,0,0,0,0,researcher,0,0,0,0,0,0,0,0,0,0,0,0,0,0,0,0,
118477148334,"Toronto, Canada",0,0,0,0,0,1,0,0,,0,0,0,0,0,0,0,0,1,0,1,0,0,0,0,0,
118477097518,"Guelph, Canada",1,0,0,0,0,0,0,0,,0,0,0,0,0,1,0,0,1,0,0,0,0,0,0,0,
118477057872,"Scarborough, Canada",0,0,0,0,1,0,0,0,,0,0,0,0,0,1,0,0,0,0,0,0,0,0,0,0,
118477040645,"Surrey, Canada",0,0,0,0,0,0,1,0,,0,0,0,0,0,0,0,0,1,0,0,0,0,0,0,0,
118477032483,"Puigcerdà, Spain",0,0,0,0,0,0,1,0,,0,0,0,1,0,0,0,0,0,0,0,0,0,0,0,0,
118477030785,"Berlin, Germany",0,0,0,0,0,0,0,0,baor researcher  (veteran),0,0,0,0,0,0,0,0,0,0,0,0,0,0,0,0,post ww2 occupation and  ww2 cdn dispersion in uk
118476947236,"Vancouver, Canada",1,0,0,0,0,0,0,0,,0,0,0,0,0,1,0,0,0,0,0,0,0,0,0,0,
118476932620,"Brisbane, Australia",1,0,0,0,0,0,0,0,,0,0,0,0,0,1,0,0,0,0,0,0,0,0,0,0,
118476925210,"Langley, Canada",1,0,0,0,1,0,0,0,,0,0,0,0,0,0,0,0,1,0,0,0,0,0,0,0,
118476921999,"Grimsby, Canada",1,0,0,0,1,0,0,0,,0,0,0,0,0,1,0,0,1,0,0,0,0,0,0,0,
118476914597,"Burnaby, Canada",0,0,0,0,0,1,0,0,,0,0,0,0,0,0,0,0,1,0,0,0,0,0,0,0,
118476900066,N/A,0,0,0,0,1,1,0,0,writer,0,0,0,0,0,0,0,0,1,1,1,0,1,0,0,1,métis historu
118476893296,N/A,1,0,0,0,0,0,0,0,,0,0,0,0,0,1,0,0,1,0,0,0,0,0,0,0,
118476889634,"Calgary, Canada",0,0,0,0,0,1,0,1,,0,0,0,0,0,0,0,0,1,0,0,0,0,0,0,0,
118476886054,N/A,1,0,0,0,0,0,0,0,,0,0,0,0,0,1,0,0,0,0,0,0,0,0,0,0,
118476883285,"Etobicoke, Canada",0,0,0,0,1,0,0,0,,0,0,0,0,0,0,0,0,1,0,0,0,0,0,0,0,
118476881189,"Chicago, United States",0,0,0,0,1,0,0,0,,1,0,0,0,0,0,0,0,1,0,0,0,0,0,0,0,
118476878653,N/A,0,0,0,0,0,0,1,0,,0,0,0,0,0,0,0,0,1,0,0,0,0,0,0,0,
118476870980,N/A,1,0,0,0,0,0,0,0,,0,0,0,0,0,1,0,0,1,0,0,0,0,0,0,0,
118476869975,"Regina, Canada",0,0,0,0,1,0,0,0,,0,0,0,0,0,1,0,1,0,0,0,0,0,0,0,0,
118476863874,"Calgary, Canada",0,0,0,0,0,0,1,0,youtuber,0,0,0,0,0,0,0,0,1,0,0,0,1,0,0,1,
118476855734,"Campbell River, Canada",1,0,0,0,1,0,0,0,,0,0,0,0,0,1,0,0,1,0,1,0,0,0,0,0,
118476854540,"Hamilton, Canada",1,0,1,0,1,0,0,0,,1,0,0,0,0,1,1,0,1,0,0,0,0,1,0,0,
118476849197,"Calgary, Canada",0,0,0,0,0,0,1,0,,0,0,1,0,0,0,0,0,0,0,0,0,0,0,0,0,
118476839315,"Toronto, Canada",1,0,0,0,1,0,0,0,local historian,0,0,0,0,0,1,0,0,1,0,1,0,0,0,0,0,"local histories - churches, schools, current events c 1800s-1900s, cheese factories, local roads, obits/weddings/births, garden parties, agriculture - you name it."
118476837331,"Peterborough, Canada",0,0,0,0,0,1,1,0,,0,0,0,0,0,0,0,0,1,0,0,0,0,0,0,0,
118476831781,"Toronto, Canada",0,0,0,1,0,1,0,0,,0,0,0,0,0,0,0,0,1,0,0,0,0,0,0,0,
118476831625,"Oshawa, Canada",0,0,0,0,0,0,0,0,railway historian,1,0,0,1,0,0,0,0,1,0,0,0,0,0,0,0,
118476829106,N/A,0,0,0,0,0,0,1,0,,0,0,1,0,0,0,1,0,0,0,0,0,0,0,1,1,
118476826649,"Toronto, Canada",1,0,0,0,1,0,1,0,,0,0,0,0,0,1,0,0,1,0,0,0,0,0,0,0,
118476823786,"Kelowna, Canada",0,0,0,0,0,0,1,0,,0,0,0,0,0,0,0,0,1,0,0,0,0,0,0,0,
118476818443,"Montreal, Canada",0,0,0,0,0,1,0,1,,0,1,0,0,0,0,0,0,1,0,0,0,0,1,1,1,
118476805198,"Redlands, United States",1,0,0,0,0,0,0,0,,0,0,0,0,0,1,0,0,0,0,0,0,0,0,0,0,
118476801311,"Austin, United States",1,0,0,0,1,0,0,0,,0,0,0,0,0,1,0,0,1,0,0,0,0,0,0,0,
118476800721,"Athol, United States",1,0,0,0,0,0,0,0,,0,0,0,0,0,1,0,0,0,0,0,0,0,0,0,0,
118476793261,"Guelph, Canada",1,0,0,0,1,0,0,0,ngo,0,0,0,1,0,1,0,0,1,0,1,0,0,0,0,0,
118476793088,"Vancouver, Canada",0,0,0,0,0,1,0,0,,0,0,0,0,0,0,0,0,1,0,0,0,0,0,0,0,
118476786124,"Denver, United States",1,0,0,0,0,0,0,0,,0,0,0,0,0,1,0,0,1,0,0,0,0,0,0,0,
118476786069,"Kitchener, Canada",0,0,0,0,0,0,1,0,,0,0,0,0,0,0,0,0,1,0,0,0,0,0,0,0,
118476785441,N/A,0,0,0,0,0,0,0,1,,0,0,0,0,0,0,0,0,1,1,1,0,0,0,0,0,
118476777490,N/A,0,0,0,0,1,0,0,0,,0,0,0,0,0,0,0,0,1,0,0,0,0,0,0,0,
118476771865,N/A,0,0,0,0,0,0,1,0,,0,0,0,0,0,0,0,0,1,0,0,0,0,0,0,0,
118476769987,"Ottawa, Canada",0,0,0,0,1,0,0,0,,0,0,0,0,0,0,0,0,0,1,0,0,0,0,0,0,
118476768169,"Kamloops, Canada",0,0,0,0,1,0,0,0,,0,0,0,0,0,0,0,0,1,0,1,0,0,0,0,0,
118476767949,N/A,0,0,0,0,1,0,0,0,vintage london ontario facebook page researcher,0,0,0,0,0,0,0,0,1,0,0,0,0,0,0,0,local history of london ontario
118476759174,"Toronto, Canada",0,0,0,0,1,0,0,0,,0,0,0,0,0,0,0,0,1,0,0,0,0,0,0,0,
118476758798,"Calgary, Canada",0,0,0,0,1,0,0,0,,0,0,0,0,0,0,0,0,1,0,0,0,0,0,0,0,
118476735110,"Truro, Canada",1,0,0,0,0,0,0,0,,0,0,0,0,0,1,0,0,0,0,0,0,0,0,0,0,
118476730863,"Sydney, Australia",0,0,0,0,1,0,0,0,,0,0,0,0,0,0,0,0,1,0,0,0,0,0,0,0,
118476727747,"Cawston, Canada",0,0,0,0,0,1,0,0,,0,0,0,0,0,0,0,0,1,0,0,0,0,0,0,0,
118476724832,"Vancouver, Canada",0,1,0,0,0,0,0,0,,0,1,1,1,1,1,1,1,1,1,1,1,1,0,1,1,
118476716395,N/A,0,0,0,0,1,0,0,0,,0,0,0,0,0,1,0,0,0,0,0,0,0,0,0,0,
118476707603,"Ottawa, Canada",0,0,0,0,1,0,0,0,,0,0,0,0,0,0,0,0,0,1,0,0,0,0,0,0,
118476686647,"Richmond Hill, Canada",0,0,1,0,0,0,0,0,,0,0,0,0,0,1,1,0,1,0,0,0,0,0,0,0,
118476684116,"Lynnfield, United States",1,0,0,0,0,0,0,0,writer,0,0,0,0,0,1,0,0,1,0,0,0,1,0,0,0,
118476678067,N/A,0,0,0,0,0,1,0,0,,0,0,0,0,0,0,0,0,1,0,0,0,0,0,0,0,
118476676166,N/A,0,0,0,0,1,0,0,0,,0,0,0,0,0,0,0,0,0,0,0,0,0,0,0,0,science (astronomy)
118476667703,"Ottawa, Canada",1,0,0,0,1,0,0,0,,0,0,0,0,0,1,0,0,0,0,0,0,0,0,0,0,
118476665230,N/A,0,0,0,0,1,0,0,0,,0,0,0,0,0,0,0,0,0,0,0,0,0,0,0,0,
118476655961,"Calgary, Canada",0,0,0,0,0,0,1,0,,0,0,0,0,0,0,0,0,0,0,0,0,0,0,0,0,
118476648897,"Halifax, Canada",1,0,0,0,1,0,0,0,,0,1,0,0,0,1,0,0,1,0,0,0,0,0,0,0,
118476648649,"Bath, United Kingdom",0,0,0,0,1,0,0,0,,0,0,0,0,0,0,0,0,0,0,0,0,0,0,0,0,
118476638245,N/A,0,0,0,0,0,1,0,0,,0,0,0,0,0,0,0,0,1,0,0,0,0,0,0,0,
118476633471,"Los Angeles, United States",1,0,0,0,0,0,0,0,,0,0,0,0,0,0,0,0,0,0,0,0,1,0,0,0,
118476632394,"Toronto, Canada",0,0,0,0,0,0,1,0,,0,0,0,0,0,0,0,0,0,0,0,0,0,0,0,0,architecture
118476631381,"Montreal, Canada",0,0,0,0,0,1,0,0,,0,0,0,0,0,0,0,0,1,0,0,0,0,0,0,0,
118476629658,"Parksville, Canada",0,0,0,0,1,0,0,0,,0,0,0,0,0,0,0,0,1,0,1,0,0,0,0,0,
118476628719,"Portland, United States",1,0,0,0,1,0,0,0,,0,0,0,0,0,1,0,0,1,0,0,0,0,0,0,0,
118476625775,N/A,0,0,0,0,1,0,0,0,,0,0,0,0,0,1,0,0,1,0,0,0,0,0,0,0,
118476620856,"Moser River, Canada",0,0,0,0,1,0,0,0,,0,0,0,0,0,0,0,0,0,0,0,0,0,0,0,0,industrial history
118476610917,"Brossard, Canada",0,1,0,0,0,0,0,0,,1,1,1,1,0,0,0,0,1,0,0,1,0,0,0,0,
118476592913,"Montreal, Canada",0,0,0,0,0,1,0,0,,0,0,0,0,0,0,0,0,1,0,0,0,0,0,0,0,
118476589424,N/A,0,0,0,0,1,0,0,0,,0,0,0,0,0,0,0,0,0,1,0,0,0,0,0,0,
118476563921,N/A,1,0,0,0,0,0,0,0,,0,0,0,0,0,1,0,0,1,0,1,0,0,0,1,0,
118476545210,N/A,1,0,0,0,0,0,0,0,,0,0,0,0,0,0,0,0,0,0,0,0,0,0,0,0,
118476543117,"Winnipeg, Canada",0,0,0,0,0,0,1,0,,0,0,0,0,0,0,0,0,0,0,0,0,0,0,0,0,business administration 
118476541116,"Toronto, Canada",0,1,0,0,0,0,0,0,,0,0,0,0,0,0,0,0,0,0,0,1,0,0,0,0,book history
118476535324,N/A,0,0,0,0,0,0,1,0,,0,0,0,0,0,0,1,0,1,0,1,0,0,0,0,0,anthropology
118476531483,"Banff, Canada",0,0,1,0,0,0,0,0,,0,0,0,0,0,0,0,0,1,0,0,0,0,0,0,0,
118476517452,"Verdun, Canada",0,0,0,0,1,0,0,0,,0,0,0,0,0,1,0,0,0,0,0,0,0,0,0,0,
118476510745,N/A,0,0,0,0,0,0,1,0,,0,0,0,0,0,0,0,0,0,0,1,0,0,1,0,0,
118476499931,"Toronto, Canada",0,0,0,0,0,0,1,0,,0,0,0,0,0,0,0,0,0,0,0,0,0,0,0,0,
118476489509,"St. Catharines, Canada",0,0,0,0,0,1,0,0,,0,0,0,0,0,0,0,0,1,0,0,0,0,0,0,0,
118476465582,"Toronto, Canada",0,0,0,0,0,0,0,1,,0,0,0,0,0,0,0,0,1,0,0,0,0,0,0,0,
118476458430,"Toronto, Canada",0,0,1,0,0,0,0,0,,0,0,1,0,0,0,0,0,0,0,0,0,0,0,0,0,history
118476456439,"Milan, Italy",0,0,0,0,0,0,1,0,,0,0,0,0,0,0,0,0,0,0,0,0,0,0,0,1,
118476453543,N/A,1,0,0,0,0,0,0,0,,0,0,0,0,0,1,0,0,1,0,0,0,0,0,0,0,
118476452006,N/A,0,0,0,0,0,0,1,0,,0,0,0,0,0,0,0,0,0,0,0,0,0,0,0,0,engineering
118475731330,"Kingston, Canada",0,0,0,0,0,1,0,0,,0,0,0,0,0,0,0,0,0,0,0,1,0,0,0,0,
118475730719,"Saskatoon, Canada",0,0,0,0,0,1,0,0,,0,1,0,1,0,0,0,0,1,0,0,0,0,0,0,0,
